t_date,p_open,p_high,p_low,volume,fi_st,fi_netbs,it_netbs,sq_netbs,pbr,per,dividend_yield,p_close
1 ,105,105.5,103.5,15134,19891688,-4784,-984,925,3.37,14.66,2.86,104.5
2 ,103,103,102,38687,19867876,-24222,-752,1032,3.31,14.38,2.92,102.5
3 ,102,103,102,23730,19854660,-13215,69,79,3.31,14.38,2.92,102.5
4 ,102.5,103,102,15865,19859148,-3013,258,262,3.29,14.31,2.93,102
5 ,103,104.5,102.5,30329,19863160,4012,344,-351,3.35,14.59,2.88,104
6 ,102.5,103,100.5,64072,19831236,-31923,373,-33,3.26,14.17,2.96,101
7 ,102,102.5,101.5,33305,19811864,-19017,1539,718,3.29,14.31,2.93,102
8 ,103,103.5,102.5,19647,19808532,-3330,480,2349,3.32,14.45,2.9,103
9 ,102.5,103.5,102,21718,19802924,-5729,1286,2495,3.34,14.52,2.89,103.5
10 ,104,106,104,54458,19812802,8127,2311,4000,3.39,14.73,2.85,105
11 ,106,107.5,106,49601,19823688,9983,1689,900,3.45,15.01,2.79,107
12 ,108,108.5,107,53509,19849812,26004,433,-7593,3.47,15.08,2.78,107.5
13 ,107,108.5,107,24299,19855552,5741,-25,-1231,3.47,15.08,2.78,107.5
14 ,108.5,108.5,106,24621,19860628,5075,117,-447,3.44,14.94,2.81,106.5
15 ,106,107.5,106,28727,19863944,3498,-81,579,3.47,15.08,2.78,107.5
16 ,108.5,108.5,107.5,27954,19870488,6396,-4,-760,3.47,15.08,2.78,107.5
17 ,107,108.5,107,34059,19872456,2376,142,-66,3.48,15.15,2.77,108
18 ,106,106.5,104,65071,19844664,-28992,1166,1233,3.39,14.73,2.85,105
19 ,102,102,100.5,145585,19752148,-91850,-7,2069,3.24,14.1,2.98,100.5
20 ,101,103,101,72009,19725524,-26688,-883,-390,3.29,14.31,2.93,102
21 ,103.5,104.5,103,54186,19720600,-12622,365,-1535,3.35,14.59,2.88,104
22 ,104,104.5,103,26244,19707792,-12528,-318,-503,3.32,14.45,2.9,103
23 ,104.5,105,104,21085,19708356,564,-117,-862,3.37,14.66,2.86,104.5
24 ,105,105.5,104.5,22758,19711320,3510,-46,-131,3.39,14.73,2.85,105
25 ,105,106,105,19625,19720304,8982,-959,-2925,3.39,14.73,2.85,105
26 ,106.5,107.5,106.5,42738,19741874,22636,223,270,3.47,15.08,2.78,107.5
27 ,108,108.5,107.5,33464,19762640,20754,148,-465,3.5,15.22,2.76,108.5
28 ,108.5,108.5,107.5,22290,19776676,12438,951,-109,3.48,15.15,2.77,108
29 ,108,108,107,26907,19787604,16483,65,-866,3.48,15.15,2.77,108
30 ,106.5,107,106,28470,19793740,6163,-674,-147,3.44,14.94,2.81,106.5
31 ,107,107.5,107,31505,19814382,19743,-429,-162,3.47,15.08,2.78,107.5
32 ,107.5,108,106,32058,19830064,15683,-308,239,3.45,15.01,2.79,107
33 ,107.5,108,106.5,31536,19848336,18272,536,-168,3.48,15.15,2.77,108
34 ,107.5,108,107,34983,19862840,14503,112,273,3.29,15.08,2.78,107.5
35 ,107.5,108,107.5,48690,19872736,13333,-69,2200,3.3,14.88,2.77,108
36 ,108,108,106.5,51463,19879206,5007,-412,-2015,3.3,14.88,2.77,108
37 ,108,108,107.5,47956,19881218,750,-532,170,3.29,14.81,2.78,107.5
38 ,108.5,110,108.5,54929,19886180,4963,-131,662,3.36,15.15,2.72,110
39 ,110,113.5,110,69894,19909464,18289,277,-1017,3.46,15.56,2.65,113
40 ,114,115,113.5,65765,19936096,24711,80,-2263,3.5,15.77,2.61,114.5
41 ,114.5,114.5,112.5,37952,19932372,-3684,-1791,317,3.46,15.56,2.65,113
42 ,113.5,114.5,113.5,28483,19929684,-2688,-65,142,3.49,15.7,2.62,114
43 ,112.5,113,112,18415,19931546,1538,-221,-3636,3.46,15.56,2.65,113
44 ,116.5,117.5,115.5,57132,19956832,25286,741,-2193,3.56,16.05,2.57,116.5
45 ,115,115.5,114,44734,19962148,5317,-285,102,3.52,15.84,2.6,115
46 ,114.5,115,113,33910,19965996,3847,-1108,-125,3.49,15.7,2.62,114
47 ,114.5,115,113.5,37517,19979600,13656,83,55,3.5,15.77,2.61,114.5
48 ,114.5,115,113.5,32273,19993662,12860,-501,656,3.5,15.77,2.61,114.5
49 ,113,113.5,112,45335,19995692,2128,465,-135,3.43,15.43,2.67,112
50 ,114,114,112,60122,20024104,25288,83,-1005,3.44,15.5,2.67,112.5
51 ,111.5,112.5,111.5,28500,20036176,12073,20,-521,3.44,15.5,2.67,112.5
52 ,111.5,113.5,111.5,38071,20041658,5481,-423,1288,3.47,15.63,2.64,113.5
53 ,115.5,116,114.5,43380,20056480,14822,210,-426,3.53,15.91,2.6,115.5
54 ,114.5,116,114,30798,20070008,13527,371,45,3.55,15.98,2.59,116
55 ,116,117.5,115.5,43794,20095626,25893,-327,-1298,3.59,16.18,2.55,117.5
56 ,118,118.5,116.5,47003,20121304,22918,9,-472,3.62,16.32,2.53,118.5
57 ,119,119.5,118.5,40108,20143990,21956,85,-347,3.66,16.46,2.51,119.5
58 ,120.5,121,119,43231,20167308,19178,942,-830,3.67,16.53,2.5,120
59 ,118.5,119,117.5,37000,20177112,4569,-856,191,3.62,16.32,2.53,118.5
60 ,117.5,118,116.5,45055,20183104,6857,-182,383,3.59,16.18,2.55,117.5
61 ,117,119.5,117,39873,20183788,5284,-256,193,3.64,16.39,2.52,119
62 ,119.5,120,119,28578,20187358,5195,0,-515,3.64,16.39,2.52,119
63 ,119,119.5,118.5,25684,20186464,-893,-295,290,3.66,16.46,2.51,119.5
64 ,118.5,120,118,34518,20187392,-774,1072,273,3.67,16.53,2.5,120
65 ,120,121,120,30388,20192096,4705,1116,-36,3.69,16.6,2.49,120.5
66 ,121.5,122.5,121,28647,20188412,-2953,-439,463,3.75,16.87,2.45,122.5
67 ,121.5,122.5,121,50065,20178316,-9097,-530,-1248,3.7,16.67,2.48,121
68 ,120.5,121.5,119,35878,20160164,-18121,106,826,3.67,16.53,2.5,120
69 ,122.5,123,121,32921,20170354,10189,211,-3159,3.76,16.94,2.44,123
70 ,122,122,121,21775,20165076,-5278,-519,-83,3.72,16.74,2.47,121.5
71 ,121,122.5,120.5,22737,20162424,-4968,170,162,3.72,16.74,2.47,121.5
72 ,123,123,120.5,31097,20159024,-2901,-439,-440,3.7,16.67,2.48,121
73 ,121,121,120,24467,20159036,14,-900,15,3.7,16.67,2.48,121
74 ,121,121,118,49438,20166520,3883,-24,-554,3.62,16.32,2.53,118.5
75 ,118.5,120,117.5,28068,20169722,3202,-120,-100,3.64,16.39,2.52,119
76 ,120.5,121,119,21812,20173942,2421,97,-1064,3.69,16.6,2.49,120.5
77 ,120,120.5,117,43715,20157148,-16793,-81,-518,3.62,16.32,2.53,118.5
78 ,119,119.5,117,42677,20144240,-12780,-176,811,3.61,16.25,2.54,118
79 ,117.5,118,116,28748,20132226,-12015,-227,349,3.58,16.12,2.56,117
80 ,117,119,116.5,27525,20117830,-14365,-138,888,3.61,16.25,2.54,118
81 ,118,119,117.5,33277,20111076,-6754,273,89,3.62,16.32,2.53,118.5
82 ,119.5,120,119,27081,20110436,-1117,236,-264,3.66,16.46,2.51,119.5
83 ,120,120,119,23288,20109800,-637,29,-942,3.67,16.53,2.5,120
84 ,119.5,120,117.5,35515,20109178,-437,67,103,3.62,16.32,2.53,118.5
85 ,120,121,119.5,24046,20124656,14278,207,-413,3.69,16.6,2.49,120.5
86 ,121,122,120.5,32903,20142958,18183,167,-176,3.52,16.8,2.46,122
87 ,121,122,120.5,16814,20139820,-2818,34,338,3.52,16.09,2.46,122
88 ,122,123,121,28530,20149078,9002,-113,-4656,3.52,16.09,2.46,122
89 ,122,122.5,121,18430,20151756,2712,-5,58,3.5,15.96,2.48,121
90 ,122,122,121,25272,20164974,41,-7,-162,3.5,15.96,2.48,121
91 ,122,122,120.5,24219,20164968,153,-85,-169,3.48,15.9,2.49,120.5
92 ,121.5,122,121,26337,20167704,2736,-300,653,3.52,16.09,2.46,122
93 ,121,122.5,121,31777,20164790,-2912,-1,762,3.52,16.09,2.46,122
94 ,123,123.5,122,19854,20167404,2615,-540,-120,3.55,16.23,2.44,123
95 ,122.5,124,122.5,18077,20162736,-4667,-300,-51,3.57,16.29,2.43,123.5
96 ,124,124,122.5,36760,20172472,9735,-850,304,3.58,16.36,2.42,124
97 ,123.5,124,121.5,43079,20182780,10308,-263,1122,3.52,16.09,2.46,122
98 ,122,122.5,119.5,69114,20171546,-11233,-621,681,3.45,15.77,2.51,119.5
99 ,120,122.5,120,37753,20180732,9186,-1196,-37,3.54,16.16,2.45,122.5
100 ,123.5,124,123,33486,20200882,20150,-287,-981,3.57,16.29,2.43,123.5
101 ,123,123.5,121.5,19558,20197596,-3286,-674,-633,3.55,16.23,2.44,123
102 ,123.5,123.5,122,19282,20195222,-2345,-563,-305,3.54,16.16,2.45,122.5
103 ,122.5,123.5,122.5,19731,20193844,-1376,-449,292,3.55,16.23,2.44,123
104 ,123,124.5,122.5,25338,20199812,7199,-734,30,3.6,16.42,2.41,124.5
105 ,124,125,123.5,27860,20208582,8927,-1296,-1064,3.61,16.49,2.4,125
106 ,124,124,123,22171,20207224,-1358,-2752,-141,3.57,16.29,2.43,123.5
107 ,123,123.5,122.5,17198,20204856,-2369,-625,-67,3.55,16.23,2.44,123
108 ,122.5,124,122.5,13589,20192010,1488,-579,-29,3.58,16.36,2.42,124
109 ,124,125,123,19872,20144192,6649,-431,1272,3.61,16.49,2.4,125
110 ,125,126.5,124,37346,20146890,15055,-385,-1979,3.63,16.56,2.39,125.5
111 ,124.5,126,124.5,17952,20147568,678,23,386,3.64,16.62,2.38,126
112 ,126.5,127,124,30154,20104124,-739,-990,637,3.6,16.42,2.41,124.5
113 ,125,125.5,123,25147,20094074,-1247,-260,588,3.55,16.23,2.44,123
114 ,123,123.5,122,33263,20072172,-1173,-398,3246,3.55,16.23,2.44,123
115 ,123,124.5,123,30831,20077320,5143,271,2787,3.57,16.29,2.43,123.5
116 ,124.5,125,123.5,30311,20081432,4192,0,670,3.6,16.42,2.41,124.5
117 ,125,126.5,124,44450,20085268,9595,136,66,3.63,16.56,2.39,125.5
118 ,126,127,125,33345,20088350,1970,243,71,3.65,16.69,2.36,126.5
119 ,126.5,128.5,126,33023,20083236,-4819,95,547,3.7,16.89,2.34,128
120 ,129.5,132.5,129,51624,20095096,11927,-323,-1661,3.83,17.48,2.26,132.5
121 ,131.5,135,130.5,40284,20048322,-11690,406,-102,3.89,17.74,2.22,134.5
122 ,133.5,136,132,44145,20029422,-18899,-231,66,3.9,17.81,2.21,135
123 ,134.5,136,132.5,32208,20025524,-3887,-46,-1702,3.93,17.94,2.2,136
124 ,135.5,136,134,36185,20015776,-7842,-136,-2111,3.89,17.74,2.22,134.5
125 ,133.5,135,133.5,39222,19999580,-15946,12,89,3.87,17.68,2.23,134
126 ,134.5,136,134.5,47183,19970468,-26788,3,3080,3.89,17.74,2.22,134.5
127 ,136,138,135.5,43514,19972696,2114,-260,1754,3.94,18.01,2.19,136.5
128 ,134.5,134.5,132.5,46377,19957300,-14172,-11,-2340,3.83,17.48,2.26,132.5
129 ,133,134,132.5,37032,19954152,-3148,-290,930,3.84,17.55,2.25,133
130 ,133,133.5,130,39184,19942528,-12078,-64,1529,3.77,17.22,2.29,130.5
131 ,125,125.5,123,136407,19907470,-70187,39,2686,3.6,16.42,2.4,124.5
132 ,121.5,124,121.5,95784,19872560,-34909,553,3360,3.57,16.29,2.42,123.5
133 ,124,124.5,122.5,56735,19846316,-24760,116,1064,3.57,16.29,2.42,123.5
134 ,123.5,125,122.5,53307,19831284,-14461,-502,354,3.6,16.42,2.4,124.5
135 ,124.5,125,124,65681,19818572,-15957,402,365,3.61,16.49,2.39,125
136 ,124.5,125,122.5,31348,19803524,-15049,319,-496,3.55,16.23,2.43,123
137 ,122,122.5,121,43515,19794244,-13292,1211,298,3.51,16.03,2.46,121.5
138 ,122.5,124,122,38088,19805604,9061,87,-277,3.58,16.36,2.41,124
139 ,123.5,125,123,32429,19809516,-287,393,264,3.6,16.42,2.4,124.5
140 ,124,124,121,44806,19786068,-22677,602,1115,3.5,15.96,2.47,121
141 ,120,121,119.5,52493,19778892,-20519,-283,771,3.47,15.83,2.49,120
142 ,120,123.5,120,39730,19778384,-2181,269,1296,3.57,16.29,2.42,123.5
143 ,122.5,122.5,119.5,61287,19743600,-33800,235,89,3.45,15.77,2.5,119.5
144 ,119,121.5,119,34650,19739742,-481,-190,-513,3.48,15.9,2.48,120.5
145 ,120.5,121.5,119.5,29585,19735020,-4868,561,247,3.51,16.03,2.46,121.5
146 ,120.5,121,119.5,35170,19731960,-13893,618,15,3.48,15.9,2.48,120.5
147 ,120,121,119.5,42994,19713292,-20356,91,246,3.48,15.9,2.48,120.5
148 ,121,122,120.5,32279,19709842,-10459,96,1099,3.51,16.03,2.46,121.5
149 ,121,123.5,120.5,39837,19703912,-11730,244,1195,3.62,16.16,2.44,122.5
150 ,123.5,124,123,32956,19706292,-4693,481,-778,3.67,15.74,2.41,124
151 ,124.5,125,123,19189,19701534,375,128,-1050,3.67,15.74,2.41,124
152 ,124,124,122.5,14632,19712830,-3310,18,-168,3.64,15.61,2.43,123
153 ,124,125,123.5,31640,19715604,2225,287,171,3.67,15.74,2.41,124
154 ,125,125.5,124.5,28975,19716758,3845,563,86,3.71,15.93,2.38,125.5
155 ,126,126,124,22656,19716256,-611,935,-567,3.68,15.8,2.4,124.5
156 ,124.5,126,123.5,42775,19721984,3479,193,655,3.71,15.93,2.38,125.5
157 ,125.5,126,125,20365,19725188,1080,177,203,3.7,15.86,2.39,125
158 ,125,125.5,124,28831,19716882,-10627,124,-31,3.68,15.8,2.4,124.5
159 ,125.5,126,124.5,36839,19708628,-7557,366,929,3.71,15.93,2.38,125.5
160 ,126,126,124.5,21638,19730636,-6818,544,-45,3.7,15.86,2.39,125
161 ,124.5,125,124,28359,19741638,-4175,126,-118,3.67,15.74,2.41,124
162 ,125,128.5,125,36416,19756928,16790,861,1599,3.8,16.31,2.33,128.5
163 ,128,128,125.5,19253,19754312,-2615,702,-1215,3.73,15.99,2.37,126
164 ,127,128,125.5,24642,19806552,4625,226,-1429,3.79,16.24,2.34,128
165 ,128,128,126,21689,19804572,-779,3107,-660,3.77,16.18,2.35,127.5
166 ,128.5,128.5,125.5,20128,19807904,378,449,-28,3.76,16.12,2.35,127
167 ,127.5,127.5,126.5,22143,19806742,-1163,144,508,3.76,16.12,2.35,127
168 ,126,126,124,29294,19801472,-13082,50,-283,3.7,15.86,2.39,125
169 ,126,126,125,22869,19801554,81,523,-746,3.7,15.86,2.39,125
170 ,124.5,125,123,19974,19795314,-6240,185,-1592,3.64,15.61,2.43,123
171 ,122.5,123.5,122,19644,19789576,-4183,151,-149,3.65,15.67,2.42,123.5
172 ,123,123,122,19248,19777216,-12362,314,225,3.62,15.55,2.44,122.5
173 ,123.5,125,123,23570,19763246,-5663,162,3781,3.68,15.8,2.4,124.5
174 ,124.5,125,123.5,14791,19762564,-73,-78,-37,3.7,15.86,2.39,125
175 ,125.5,126,125,30643,19762306,-259,251,-295,3.7,15.86,2.39,125
176 ,124,124,122,39413,19740108,-20861,639,-1012,3.61,15.48,2.45,122
177 ,123,123.5,122,15317,19741676,-2000,458,494,3.62,15.55,2.44,122.5
178 ,122,124,122,27635,19741900,832,490,202,3.64,15.61,2.43,123
179 ,123,124,121.5,23264,19756692,2377,-1040,-349,3.61,15.48,2.45,122
180 ,121,121.5,120.5,23608,19760308,-237,347,385,3.58,15.36,2.47,121
181 ,122,122,120,54822,19757168,-14103,622,-32,3.56,15.29,2.48,120.5
182 ,120,121,119,44152,19745276,-8355,519,-177,3.55,15.23,2.49,120
183 ,120,122,120,42258,19735620,-10245,1122,1446,3.59,15.42,2.46,121.5
184 ,121,122.5,120.5,30796,19735956,-2166,684,1158,3.58,15.36,2.47,121
185 ,122.5,125,122,52043,19746036,12582,1513,-2447,3.68,15.8,2.4,124.5
186 ,125,126,124,37324,19764366,9669,363,-404,3.73,15.99,2.37,126
187 ,125,125.5,123.5,40062,19770724,6358,113,-2365,3.7,15.86,2.39,125
188 ,123.5,125,122.5,29380,19758688,-12037,1118,699,3.62,15.55,2.44,122.5
189 ,124,125,123.5,35476,19754812,-3874,575,-323,3.7,15.86,2.39,125
190 ,119,121.5,118,69350,19741064,-22749,355,-12,3.56,15.29,2.48,120.5
191 ,120,121.5,119.5,31888,19733646,-8818,828,142,3.58,15.36,2.47,121
192 ,121.5,123,121,43948,19733250,-396,1314,-1788,3.59,15.42,2.46,121.5
193 ,121.5,124,120,45966,19720882,-3494,609,338,3.59,15.42,2.46,121.5
194 ,125,125.5,123.5,91824,19740616,20643,1800,-2796,3.65,15.67,2.42,123.5
195 ,125,126,124.5,38359,19752168,11552,249,-139,3.73,15.99,2.37,126
196 ,126,126,124.5,25648,19750868,-300,517,-101,3.7,15.86,2.39,125
197 ,127.5,129,127.5,64248,19796040,46080,447,-853,3.82,16.37,2.32,129
198 ,128,128.5,127.5,26518,19801660,5620,296,-420,3.77,16.18,2.35,127.5
199 ,127,127.5,125,42162,19793444,-6806,104,720,3.71,15.93,2.38,125.5
200 ,126.5,128,126.5,25145,19800480,8990,257,-462,3.79,16.24,2.34,128
201 ,129,129.5,127.5,35019,19816752,18168,127,-1554,3.79,16.24,2.34,128
202 ,129,129.5,128,34731,19830472,15983,178,575,3.82,16.37,2.32,129
203 ,128.5,129,127,35724,19844984,12011,904,702,3.8,16.31,2.33,128.5
204 ,128,130.5,127.5,42202,19857116,14884,-215,-16,3.86,16.56,2.29,130.5
205 ,132,132.5,130.5,45042,19881620,24684,46,-827,3.87,16.62,2.28,131
206 ,132,132,131,32216,19900028,18289,80,-1101,3.9,16.75,2.27,132
207 ,131.5,132,131,22638,19911300,11270,-77,49,3.9,16.75,2.27,132
208 ,132.5,132.5,131.5,28430,19927608,15208,38,-232,3.9,16.75,2.27,132
209 ,131.5,131.5,130.5,16759,19931902,4296,-120,636,3.87,16.62,2.28,131
210 ,132.5,134.5,132,42736,19960764,28861,260,-1252,3.98,17.07,2.22,134.5
211 ,135,135,133,20485,19967320,6675,201,-1193,3.96,17.01,2.23,134
212 ,134.5,134.5,131.5,27434,19968848,1627,-401,210,3.58,16.75,2.27,132
213 ,133.5,134.5,132.5,24927,19977962,13382,-85,-411,3.63,15.19,2.23,134
214 ,134,135,133.5,23733,19988154,10930,217,71,3.66,15.31,2.21,135
215 ,135,135.5,132.5,23703,19988516,247,-437,-401,3.61,15.08,2.25,133
216 ,134,134.5,131,42774,19989106,591,14,-260,3.56,14.91,2.27,131.5
217 ,133,136.5,132.5,71200,20038554,39681,448,-446,3.69,15.42,2.2,136
218 ,137.5,139,137,44216,20061332,23770,-108,-855,3.77,15.76,2.15,139
219 ,139.5,139.5,137.5,30471,20067372,7514,-457,-32,3.75,15.7,2.16,138.5
220 ,140,140.5,138,33409,20070652,5214,-20,265,3.75,15.7,2.16,138.5
221 ,138.5,140,138.5,42798,20070096,2516,11,179,3.77,15.76,2.15,139
222 ,138.5,139,138,23201,20073388,3447,-789,-140,3.77,15.76,2.15,139
223 ,140,142,140,26308,20077776,9290,-106,86,3.8,15.87,2.14,140
224 ,139,141.5,139,35814,20088040,10564,-370,119,3.84,16.04,2.11,141.5
225 ,139,142,138.5,41316,20085330,-2711,-410,1374,3.8,15.87,2.14,140
226 ,139.5,139.5,137.5,45981,20090738,-3626,-623,-945,3.73,15.59,2.17,137.5
227 ,137.5,139,136.5,38976,20082046,-7747,-1309,730,3.74,15.65,2.17,138
228 ,139,140,138.5,28276,20081160,8100,-122,48,3.77,15.76,2.15,139
229 ,138.5,139.5,137,27080,20073532,-7439,216,576,3.73,15.59,2.17,137.5
230 ,138,138.5,137,19672,20072414,1041,-835,-461,3.74,15.65,2.17,138
231 ,138,139,137.5,31816,20079476,7162,-45,-61,3.74,15.65,2.17,138
232 ,138,139,136,39845,20064012,-15464,377,-356,3.69,15.42,2.2,136
233 ,135,136,134.5,32329,20055286,-7090,-389,125,3.65,15.25,2.22,134.5
234 ,135,136,134.5,31504,20044796,-10643,-102,-132,3.66,15.31,2.21,135
235 ,134.5,136.5,134.5,44404,20056232,11436,39,-301,3.69,15.42,2.2,136
236 ,134.5,135.5,133,41273,20036036,-20196,-949,1016,3.61,15.08,2.25,133
237 ,133,133,130,70601,19997464,-37973,-343,211,3.54,14.8,2.29,130.5
238 ,132,133,131,50472,19975560,-21016,132,1080,3.56,14.91,2.27,131.5
239 ,134.5,138,134,44441,19995076,17125,483,-72,3.74,15.65,2.17,138
240 ,137.5,140,137,34677,20007170,12982,107,-698,3.75,15.7,2.16,138.5
241 ,139,140,137,19158,20008592,1372,-1,-546,3.73,15.59,2.17,137.5
242 ,136,138,136,16722,20009838,3181,-100,-711,3.74,15.65,2.17,138
243 ,137,138,137,7392,20009860,21,-495,-291,3.73,15.59,2.17,137.5
244 ,138,139,137,13184,20016984,7124,-551,18,3.77,15.76,2.15,139
245 ,139,139,137.5,4823,20016966,-17,20,95,3.75,15.7,2.16,138.5
246 ,138,141,138,35075,20038966,22000,-802,-71,3.82,15.99,2.12,141
247 ,141,141.5,139,21846,20041428,2431,-99,500,3.8,15.87,2.14,140
248 ,139,141,139,18352,20046538,5081,-746,-457,3.82,15.99,2.12,141
249 ,140.5,140.5,137.5,32104,20050224,3685,-693,545,3.78,15.82,2.14,139.5
250 ,137.5,137.5,133,66862,20013288,-37077,-1206,3307,3.62,15.14,2.24,133.5
251 ,133.5,135,133.5,43766,20014812,1525,-1359,1386,3.63,15.19,2.23,134
252 ,136.5,138,136,42551,20023408,7796,86,-624,3.74,15.65,2.17,138
253 ,135,135.5,133,61805,19991382,-32026,-414,-13,3.63,15.19,2.23,134
254 ,132.5,133.5,132,30403,19981022,-10359,-2624,0,3.58,14.97,2.27,132
255 ,131,133,130.5,37852,19972944,-8078,-583,559,3.59,15.02,2.26,132.5
256 ,132.5,133,130,48810,19948144,-24793,-413,-350,3.52,14.74,2.3,130
257 ,131.5,133,131.5,40646,19949172,78,-495,622,3.56,14.91,2.27,131.5
258 ,140,140,136,124241,19962024,12799,2555,844,3.71,15.53,2.18,137
259 ,138.5,139.5,137.5,50066,19991212,29096,525,-3354,3.77,15.76,2.15,139
260 ,139,139,137.5,32843,19994220,10084,443,261,3.74,15.65,2.17,138
261 ,139.5,141,139.5,70582,20047980,53878,-217,-1456,3.82,15.99,2.12,141
262 ,141.5,142,139.5,43948,20065136,17468,-80,-55,3.8,15.87,2.14,140
263 ,142.5,145,142.5,82360,20119710,53386,708,-412,3.93,16.44,2.06,145
264 ,145.5,145.5,143.5,46831,20143622,22724,149,-257,3.93,16.44,2.06,145
265 ,145.5,147,144.5,52946,20167700,32778,-136,-310,3.98,16.67,2.03,147
266 ,146.5,147,145.5,45982,20187708,19307,38,-3,3.97,16.61,2.04,146.5
267 ,144,145,143,34542,20186254,-1512,-744,95,3.89,16.27,2.08,143.5
268 ,145,145.5,141,43718,20176114,-10169,-565,1356,3.82,15.99,2.12,141
269 ,140.5,143,140.5,29248,20183604,4954,-165,350,3.86,16.16,2.1,142.5
270 ,143,144.5,142,27235,20190108,5477,182,235,3.92,16.38,2.07,144.5
271 ,144.5,146.5,144,40455,20198728,7472,-69,594,3.96,16.55,2.05,146
272 ,145.5,146,143.5,23405,20193076,-5590,-43,305,3.94,16.5,2.05,145.5
273 ,145.5,145.5,143,27359,20191046,-1277,-4,426,3.88,16.21,2.09,143
274 ,143,143.5,141.5,26351,20188240,-2807,-143,299,3.85,16.1,2.11,142
275 ,142,143,141.5,33337,20189956,1716,-314,315,3.86,16.16,2.1,142.5
276 ,146,149,146,71429,20215922,25967,142,-921,4.01,16.78,2.02,148
277 ,149.5,149.5,147.5,33660,20227036,11145,-696,-919,4.03,16.84,3.03,148.5
278 ,148.5,150,148,38036,20237744,10710,343,-257,4.03,16.84,3.03,148.5
279 ,149,152,148.5,72657,20249092,11348,871,-540,3.75,17.12,2.98,151
280 ,152.5,154.5,152.5,48327,20273040,22167,1106,-1076,3.83,15.18,2.91,154.5
281 ,153.5,154,150.5,55654,20281452,8413,-747,512,3.73,14.78,2.99,150.5
282 ,151.5,153,148.5,41432,20273836,-7614,-29,1275,3.7,14.64,3.02,149
283 ,150,151,148.5,29206,20274788,852,-462,509,3.73,14.78,2.99,150.5
284 ,150,151.5,149,32672,20277552,2765,-193,-277,3.73,14.78,2.99,150.5
285 ,150,151,148.5,28947,20281648,2413,-312,-974,3.72,14.73,3,150
286 ,149,149.5,148.5,31368,20276442,-7018,-360,2206,3.7,14.64,3.02,149
287 ,147.5,147.5,145,67214,20237396,-38434,250,4127,3.61,14.29,3.09,145.5
288 ,145,145,144,46859,20205476,-31923,77,2271,3.57,14.15,3.13,144
289 ,143.5,148,143,51828,20194864,-10693,636,407,3.62,14.34,3.08,146
290 ,147,148.5,146.5,32259,20191652,-3210,1050,-770,3.67,14.54,3.04,148
291 ,148,149.5,147,45625,20188718,-5934,541,-533,3.7,14.64,3.02,149
292 ,149,149.5,146,36963,20177824,-10693,-86,110,3.62,14.34,3.08,146
293 ,148.5,150,148.5,55770,20186584,8139,163,-4257,3.7,14.64,3.02,149
294 ,151,154,150,70911,20210862,22040,-187,-2896,3.81,15.08,2.93,153.5
295 ,152.5,155,152.5,43158,20214078,3770,223,-478,3.82,15.13,2.92,154
296 ,151.5,154,151.5,37795,20216000,142,-751,-325,3.82,15.13,2.92,154
297 ,154,154,152.5,26369,20222648,6740,-457,-362,3.81,15.08,2.93,153.5
298 ,153.5,153.5,151.5,36138,20218992,-3658,-862,-85,3.76,14.88,2.97,151.5
299 ,152,152.5,150.5,44502,20212888,-6105,-447,93,3.75,14.83,2.98,151
300 ,145.5,147,144.5,157141,20144936,-67850,-1011,5800,3.61,14.29,3.09,145.5
301 ,144,145.5,142.5,106832,20082008,-68228,-1296,2558,3.53,14,3.16,142.5
302 ,142.5,144,142,59890,20046884,-35126,267,154,3.53,14,3.16,142.5
303 ,144,145.5,143,56699,20029262,-18339,-81,1408,3.61,14.29,3.09,145.5
304 ,145,145,143.5,38757,20014022,-13460,-111,-161,3.57,14.15,3.13,144
305 ,145,148,144.5,49298,20022082,3960,-161,-1722,3.65,14.44,3.06,147
306 ,146.5,147.5,145,33401,20019204,-5189,-96,-364,3.62,14.34,3.08,146
307 ,145.5,146,143,47547,20010152,-11651,-555,698,3.55,14.05,3.15,143
308 ,144,145.5,143,46553,20003420,-7050,-698,14,3.55,14.05,3.15,143
309 ,146,147,145,33909,20005220,3757,-357,-133,3.65,14.44,3.06,147
310 ,146.5,147.5,146,23877,19996116,-9382,-471,-82,3.65,14.44,3.06,147
311 ,145,145.5,143.5,41575,19972916,-23354,-327,-8,3.57,14.15,3.13,144
312 ,143.5,144.5,141.5,71626,19931284,-40331,-110,3284,3.55,14.05,3.15,143
313 ,145,147,144.5,54551,19942534,11249,-242,979,3.65,14.44,3.06,147
314 ,143,144,142.5,76901,19906848,-35732,-2286,-1794,3.53,14,3.16,142.5
315 ,142,144,141.5,34379,19897856,-8871,-197,-382,3.55,14.05,3.15,143
316 ,142,143.5,141.5,36297,19889924,-8372,-296,-258,3.53,14,3.16,142.5
317 ,143.5,145,143,40632,19888588,625,-111,-279,3.56,14.1,3.14,143.5
318 ,145.5,147,145,47012,19904208,15470,460,1288,3.65,14.44,3.06,147
319 ,149,152.5,148.5,122815,19992832,88817,-232,-1957,3.78,14.98,2.95,152.5
320 ,153,153,150,57646,20018464,25675,-524,555,3.76,14.88,2.97,151.5
321 ,153.5,153.5,150.5,43296,20031834,13233,-290,241,3.76,14.88,2.97,151.5
322 ,150,151,148,37440,20029898,-1665,-277,2187,3.68,14.59,3.03,148.5
323 ,147,148.5,146.5,48983,20014140,-14490,-9,56,3.65,14.44,3.06,147
324 ,148.5,148.5,146,30869,20012320,-2418,117,841,3.66,14.49,3.05,147.5
325 ,147.5,148,146,27598,20006208,-5343,36,-562,3.65,14.44,3.06,147
326 ,145.5,148,145.5,18824,20000396,-4789,-387,492,3.66,14.49,3.05,147.5
327 ,146,147.5,146,21908,19998768,-1859,183,255,3.63,14.39,3.07,146.5
328 ,146,147.5,146,20036,19997280,-192,29,13,3.63,14.39,3.07,146.5
329 ,149,149,147,20403,20001668,4460,-182,-214,3.68,14.59,3.03,148.5
330 ,147,148.5,147,20532,20000676,-1180,57,632,3.4,14.49,3.05,147.5
331 ,147.5,149,147,18886,20003198,1660,303,1066,3.41,13.01,3.04,148
332 ,148,148.5,146,39029,19998710,-4455,100,129,3.37,12.83,3.08,146
333 ,147,147,145,24332,20000868,2084,-29,-1275,3.38,12.87,3.07,146.5
334 ,147,147,145,22929,19998796,-940,-24,-289,3.38,12.87,3.07,146.5
335 ,145.5,147.5,145,26321,19999896,-893,-123,-1193,3.38,12.87,3.07,146.5
336 ,146.5,147,146,26985,20000060,164,-269,-613,3.38,12.87,3.07,146.5
337 ,146,146.5,144.5,40905,19993466,-6607,-381,-840,3.36,12.79,3.09,145.5
338 ,146,147,145,22104,19986762,-8668,-361,-136,3.36,12.79,3.09,145.5
339 ,146.5,147.5,145.5,16323,19987068,306,-300,840,3.4,12.96,3.05,147.5
340 ,148.5,148.5,146.5,15570,19988824,876,0,-108,3.38,12.87,3.07,146.5
341 ,145.5,147,145,23866,19978088,-11915,-36,398,3.35,12.74,3.1,145
342 ,147,147.5,146,35924,19980568,1473,-503,-20,3.39,12.92,3.06,147
343 ,147,147.5,145.5,56659,19973940,-6628,81,1367,3.37,12.83,3.08,146
344 ,145.5,146,144,31647,19958530,-17205,2,-128,3.35,12.74,3.1,145
345 ,144.5,144.5,143.5,33433,19952684,-5848,-3327,-1411,3.32,12.65,3.13,144
346 ,143.5,144.5,143,29920,19947452,-1142,-1048,-2540,3.3,12.57,3.15,143
347 ,142,142.5,140,58396,19934948,-22843,-992,210,3.25,12.39,3.19,141
348 ,139.5,140.5,139,42847,19921556,-13391,-730,-406,3.23,12.3,3.21,140
349 ,139.5,140,138.5,45529,19892784,-28772,-1040,382,3.2,12.17,3.25,138.5
350 ,138.5,140,138,31664,19883528,-8122,-19,-850,3.21,12.21,3.24,139
351 ,141,141.5,139.5,37133,19869076,-14454,40,-30,3.22,12.26,3.23,139.5
352 ,141,144,141,44708,19865256,-1555,462,-227,3.31,12.61,3.14,143.5
353 ,144,144.5,142.5,31494,19843936,-9520,2,-570,3.33,12.7,3.11,144.5
354 ,144.5,144.5,142.5,23661,19810940,-9303,-56,88,3.3,12.57,3.15,143
355 ,143,143,141,27303,19799268,-10674,-212,184,3.28,12.48,3.17,142
356 ,143,143.5,142,31348,19790752,-6580,-25,1052,3.29,12.52,3.16,142.5
357 ,142,143,142,28627,19779742,-11080,89,1832,3.28,12.48,3.17,142
358 ,142,143.5,142,28390,19771412,-8331,-196,1080,3.28,12.48,3.17,142
359 ,143,145,142.5,37291,19725536,2085,523,-181,3.33,12.7,3.11,144.5
360 ,144.5,145,143.5,18630,19693668,1356,-80,205,3.35,12.74,3.1,145
361 ,145,147,145,43741,19687708,19630,59,-516,3.38,12.87,3.07,146.5
362 ,147,147.5,145.5,33947,19668998,11716,-23,4465,3.37,12.83,3.08,146
363 ,140.5,141,138.5,53096,19639652,-19192,-95,-2565,3.2,12.17,3.25,138.5
364 ,139,140.5,138.5,45376,19637656,-67,255,-971,3.24,12.35,3.2,140.5
365 ,140,142.5,139,32575,19635884,-5688,167,67,3.25,12.39,3.19,141
366 ,140.5,142,140.5,23940,19635910,4,-306,-524,3.26,12.43,3.18,141.5
367 ,141.5,142.5,140,16142,19637202,1203,50,-991,3.29,12.52,3.16,142.5
368 ,141,141.5,140.5,20684,19631836,-6147,-348,-416,3.24,12.35,3.2,140.5
369 ,141,142,140.5,26383,19629856,-1969,-25,-1233,3.24,12.35,3.2,140.5
370 ,140.5,141,138,52066,19618126,-11516,273,-568,3.18,12.13,3.26,138
371 ,134,138,134,53268,19600282,-22267,-343,-855,3.15,11.99,3.3,136.5
372 ,137,139.5,137,34558,19598336,-7220,-7,921,3.2,12.17,3.25,138.5
373 ,139.5,140.5,138,27574,19606804,-823,45,-1595,3.2,12.17,3.25,138.5
374 ,139,139.5,138,23322,19605692,-1111,274,-1338,3.2,12.17,3.25,138.5
375 ,140,140,135.5,37250,19593144,-9068,-632,811,3.15,11.99,3.3,136.5
376 ,138,140,138,55848,19616018,22873,776,-2772,3.23,12.3,3.21,140
377 ,141.5,142,138.5,27685,19626628,7025,503,-733,3.21,12.21,3.24,139
378 ,141,141.5,139.5,19490,19631982,5354,958,-876,3.24,12.35,3.2,140.5
379 ,139,139.5,138,24672,19628120,-3862,305,622,3.21,12.21,3.24,139
380 ,137,137.5,136,36423,19613424,-14202,365,1416,3.14,11.95,3.31,136
381 ,138,138,136,38265,19612730,-3414,543,-447,3.16,12.04,3.28,137
382 ,135,135.5,134,43438,19593602,-19128,36,118,3.09,11.78,3.36,134
383 ,135,136.5,134,34253,19582324,-14380,672,2034,3.09,11.78,3.36,134
384 ,135,136,134.5,29908,19599336,7402,338,-1007,3.13,11.91,3.32,135.5
385 ,136,139,136,36153,19616064,12377,487,-1441,3.2,12.17,3.25,138.5
386 ,140.5,140.5,137.5,40067,19622400,6334,314,-1494,3.22,12.26,3.23,139.5
387 ,138.5,138.5,134.5,33748,19622630,-15416,521,-858,3.1,11.82,3.35,134.5
388 ,135,136.5,134.5,26591,19620896,-1733,321,4188,3.15,11.99,3.3,136.5
389 ,135.5,135.5,134,28556,19612948,-13270,257,2434,3.09,11.78,3.36,134
390 ,136,136,132,38760,19612556,-530,-554,365,3.09,11.78,3.36,134
391 ,133,133.5,131.5,30592,19604650,-8120,214,2,3.07,11.69,3.38,133
392 ,131,131,125.5,63751,19601540,-7136,-326,1320,2.98,11.34,3.49,129
393 ,133.5,133.5,130.5,64480,19626928,22282,218,-4431,3.01,11.47,3.45,130.5
394 ,129.5,130,127.5,41760,19617236,-10023,786,433,3.12,11.29,3.5,128.5
395 ,129,130,127.5,35974,19612358,1871,-206,371,3.11,10.54,3.52,128
396 ,128,128.5,125,39495,19629992,-4307,-1594,296,3.06,10.38,3.57,126
397 ,125.5,125.5,123,37949,19640656,1711,-296,-149,3.01,10.21,3.63,124
398 ,125,126.5,125,40795,19648056,7399,-88,-1728,3.06,10.38,3.57,126
399 ,127.5,127.5,124,41382,19647076,-4753,-38,-940,3.04,10.3,3.6,125
400 ,124.5,126,123.5,38078,19646730,-4537,-591,1036,3.06,10.38,3.57,126
401 ,123,124.5,121,59932,19634896,-13678,-319,-1290,2.94,9.97,3.72,121
402 ,120,121,112.5,116472,19641232,2568,29,-1280,2.8,9.47,3.91,115
403 ,118,124,117.5,95080,19667420,20933,1389,-2498,3,10.17,3.64,123.5
404 ,121,124.5,119.5,65010,19656076,-10699,1089,-741,2.98,10.09,3.67,122.5
405 ,125,125,122,53428,19653856,-2343,251,-609,3.01,10.21,3.63,124
406 ,127,127,124.5,41551,19650744,-666,-193,-480,3.04,10.3,3.6,125
407 ,126,129,123.5,57088,19660972,9274,-365,-2871,3.14,10.63,3.49,129
408 ,127.5,127.5,124,42395,19653334,-9944,-14,-1590,3.01,10.21,3.63,124
409 ,123,127,123,37060,19662532,5746,1096,-153,3.05,10.34,3.59,125.5
410 ,127.5,127.5,125,24054,19659790,7013,58,-1962,3.09,10.46,3.54,127
411 ,126.5,127,123.5,22047,19659760,-29,-286,-977,3.04,10.3,3.6,125
412 ,124.5,126,122,25987,19671952,-1544,19,134,2.98,10.09,3.67,122.5
413 ,122.5,123.5,122,15113,19675048,-1839,-101,-545,2.99,10.13,3.66,123
414 ,126.5,129,126.5,53750,19710208,34833,524,399,3.14,10.63,3.49,129
415 ,127,128,125,32932,19699532,-10676,-443,1509,3.04,10.3,3.6,125
416 ,125.5,127.5,124,20573,19704712,5180,-338,366,3.1,10.5,3.53,127.5
417 ,128,129,126,25582,19703830,1496,303,141,3.1,10.5,3.53,127.5
418 ,127.5,128,125.5,21671,19698820,-3398,37,901,3.06,10.38,3.57,126
419 ,128,130,127.5,39954,19719476,20665,702,255,3.15,10.67,3.47,129.5
420 ,130.5,131.5,130,49537,19738036,18619,289,500,3.19,10.79,3.44,131
421 ,129.5,131.5,129,31965,19745244,7206,-1817,559,3.2,10.83,3.42,131.5
422 ,130,130,128.5,29970,19744118,-1124,-58,99,3.15,10.67,3.47,129.5
423 ,130,130,128.5,17652,19741908,1487,-313,262,3.14,10.63,3.49,129
424 ,127,127.5,124.5,32971,19724212,-21083,0,737,3.03,10.26,3.61,124.5
425 ,127,128,125.5,43509,19727288,6651,545,-1343,3.09,10.46,3.54,127
426 ,127,127.5,125,24689,19732510,654,202,81,3.09,10.46,3.54,127
427 ,128,131,127,67191,19751736,19362,1097,-1131,3.16,10.71,3.46,130
428 ,131,134,129.5,49689,19768284,18966,295,-565,3.25,11,3.37,133.5
429 ,132.5,132.5,131.5,25252,19767426,-714,239,271,3.21,10.87,3.41,132
430 ,133,133.5,131.5,30299,19765840,-1601,-426,31,3.22,10.91,3.4,132.5
431 ,135,135.5,132.5,48641,19773854,2733,806,19,3.23,10.96,3.38,133
432 ,133.5,135,133,31848,19795642,20708,200,-404,3.28,11.12,3.33,135
433 ,137,137,135,31183,19809464,13850,436,2,3.31,11.2,3.31,136
434 ,137,139,136.5,47405,19819982,10521,1257,500,3.37,11.41,3.25,138.5
435 ,138.5,138.5,136,36171,19827952,7895,76,898,3.34,11.33,3.27,137.5
436 ,136.5,137.5,136,18042,19820240,-5158,-445,383,3.32,11.24,3.3,136.5
437 ,139,141,139,57253,19843338,23069,745,795,3.4,11.53,3.21,140
438 ,137,137.5,136,36269,19841024,-2341,309,804,3.34,11.33,3.27,137.5
439 ,138.5,139,137,26174,19853542,8562,424,-223,3.36,11.37,3.26,138
440 ,139,139,137.5,27504,19868610,14143,370,-378,3.38,11.45,3.24,139
441 ,139.5,140,137.5,18045,19882124,8801,-150,-174,3.37,11.41,3.25,138.5
442 ,138,138.5,137,15169,19884502,2677,190,-337,3.34,11.33,3.27,137.5
443 ,140,140.5,139,35666,19904714,17978,-168,-437,3.4,11.53,3.21,140
444 ,140.5,140.5,139,24412,19914880,9629,-5,-563,3.4,11.53,3.21,140
445 ,138.5,140,137.5,26034,19922548,5989,0,-32,3.38,11.45,3.24,139
446 ,137,139,137,22557,19917976,-2310,74,738,3.36,11.37,3.26,138
447 ,139,139.5,136.5,20464,19915668,-2308,121,198,3.32,11.24,3.3,136.5
448 ,137,137.5,136,27859,19915714,45,126,245,3.32,11.24,3.3,136.5
449 ,138.5,138.5,135.5,21680,19921332,4818,89,407,3.34,11.33,3.27,137.5
450 ,138.5,140,138,33199,19939344,19181,354,-624,3.39,11.49,3.23,139.5
451 ,141.5,144.5,141,75333,19990156,50802,861,-285,3.51,11.9,3.11,144.5
452 ,144,144.5,142.5,35830,19995520,5291,55,372,3.46,11.74,3.16,142.5
453 ,144,144,139,45726,19987918,-7601,-114,387,3.4,11.53,3.21,140
454 ,141,143,140.5,24863,19996116,8199,326,-657,3.45,11.7,3.17,142
455 ,141.5,141.5,139,23337,19988476,-7657,125,489,3.39,11.49,3.23,139.5
456 ,140.5,140.5,136.5,29463,19978564,-9238,406,73,3.1,11.36,3.27,137.5
457 ,138.5,139,138,16486,19979370,757,-13,-237,3.12,11.45,3.25,138.5
458 ,137.5,139,136,21660,19970812,-7385,77,55,3.06,11.24,3.31,136
459 ,134,135.5,134,32133,19959548,-12236,-144,615,3.04,11.16,3.33,135
460 ,138,140,137.5,28225,19962368,4528,330,-721,3.12,11.45,3.25,138.5
461 ,139.5,140,136.5,29114,19956720,-5649,140,275,3.09,11.32,3.28,137
462 ,138.5,140.5,138,27477,19963706,6963,-87,-244,3.17,11.61,3.2,140.5
463 ,140.5,141,140,20296,19970314,6526,75,-419,3.18,11.65,3.19,141
464 ,141,141.5,140,17189,19974948,3468,-113,-149,3.18,11.65,3.19,141
465 ,140,141.5,139.5,21860,19975848,900,-90,-378,3.14,11.53,3.23,139.5
466 ,139.5,141,138.5,27164,19974916,3043,140,-14,3.18,11.65,3.19,141
467 ,141,142.5,140,32016,19985446,10315,-346,147,3.21,11.78,3.16,142.5
468 ,143,143,139,23172,19977688,-7574,-380,143,3.13,11.49,3.24,139
469 ,136.5,139,136,108747,19957144,-21144,26,1064,3.13,11.49,3.24,139
470 ,140.5,142.5,138.5,46201,19974124,16980,-76,-173,3.21,11.78,3.16,142.5
471 ,144,144,142,31675,19981768,7522,-341,-293,3.21,11.78,3.16,142.5
472 ,141.5,143,141.5,18867,19981080,1429,-378,274,3.21,11.78,3.16,142.5
473 ,141,142.5,140.5,30892,19970824,-10256,-132,748,3.17,11.61,3.2,140.5
474 ,142,144.5,142,40413,19986916,16149,1212,-393,3.23,11.86,3.14,143.5
475 ,143.5,144,141,32196,19980876,-6039,915,137,3.21,11.78,3.16,142.5
476 ,142,142,140.5,26776,19972674,-8202,-58,208,3.17,11.61,3.2,140.5
477 ,140.5,141.5,139,41488,19962636,-10296,256,641,3.18,11.65,3.19,141
478 ,141,142,139,29956,19957024,-7060,486,-326,3.14,11.53,3.23,139.5
479 ,137.5,139.5,137.5,32672,19955710,-1364,275,-26,3.13,11.49,3.24,139
480 ,139.5,140.5,138,23596,19950992,-1833,42,3,3.11,11.4,3.26,138
481 ,142,144,141,56600,19990190,39197,-487,-1233,3.23,11.86,3.14,143.5
482 ,144.5,145,143,34462,20006480,16089,-394,-134,3.27,11.98,3.1,145
483 ,143,145,142,36349,20011796,5524,7,341,3.2,11.74,3.17,142
484 ,141.5,142.5,140.5,26870,20006640,-4219,-170,1685,3.19,11.69,3.18,141.5
485 ,141,142,140.5,17141,20008930,2304,-78,-154,3.2,11.74,3.17,142
486 ,141,143,140.5,18086,20012012,3083,-39,-187,3.19,11.69,3.18,141.5
487 ,143,143.5,142,13495,20016456,4442,-242,-370,3.2,11.74,3.17,142
488 ,142,143.5,142,6169,20019348,2844,-23,-48,3.22,11.82,3.15,143
489 ,143.5,144,143,10831,20023540,4191,140,245,3.23,11.86,3.14,143.5
490 ,143.5,144,141.5,12848,20019668,-932,-56,898,3.2,11.74,3.17,142
491 ,142.5,144,142,14603,20020176,509,98,83,3.21,11.78,3.16,142.5
492 ,142,144,141,18367,20021092,1406,946,-34,3.22,11.82,3.15,143
493 ,142.5,143.5,139,39220,20001578,-20539,550,1657,3.14,11.53,3.23,139.5
494 ,139,140,137,46502,19995612,-5965,-362,1082,3.11,11.4,3.26,138
495 ,138,138,135,53671,19982016,-16091,-550,43,3.05,11.2,3.32,135.5
496 ,134.5,135,130.5,62605,19961720,-17956,-840,2059,3,10.99,3.38,133
497 ,132,135,132,50159,19961220,-980,-126,-198,3.02,11.07,3.36,134
498 ,133,134.5,130.5,48416,19959612,-3259,-283,-1519,3,10.99,3.38,133
499 ,133,134,131.5,34733,19949938,-7471,43,-390,3,10.99,3.38,133
500 ,133.5,135.5,133,37737,19958540,6601,-512,-1831,3.01,11.03,3.37,133.5
501 ,130.5,132,130.5,39378,19954456,-4136,-200,-778,2.96,10.87,3.42,131.5
502 ,137.5,138,135.5,79522,19981560,24789,1813,-1612,3.09,11.32,3.28,137
503 ,135,138,134.5,36784,19979308,-177,1591,930,3.09,11.32,3.28,137
504 ,137.5,138,136,23791,19979804,383,-59,258,3.11,11.4,3.26,138
505 ,137.5,137.5,133.5,43936,19971244,-4053,182,-912,3.03,11.12,3.35,134.5
506 ,134,136.5,134,31957,19970124,481,49,-1554,3.04,11.16,3.33,135
507 ,136.5,138.5,136,33926,19979484,10552,307,-1709,3.12,11.45,3.25,138.5
508 ,140,140,139,27213,19986636,7152,-614,225,3.14,11.53,3.23,139.5
509 ,137.5,139,137,24103,19983160,-2593,470,270,3.1,11.36,3.27,137.5
510 ,139,139.5,138.5,24048,19985288,4230,181,-1240,3.14,11.53,3.23,139.5
511 ,138,140.5,138,37913,19996896,10734,-508,428,3.15,11.57,3.21,140
512 ,138.5,143,138,55675,20016786,19855,-276,596,3.22,11.82,3.15,143
513 ,142.5,143,141,11865,20021020,4234,205,1438,3.2,11.74,3.17,142
514 ,144,144,141.5,41000,20043554,27193,0,-768,3.24,11.9,3.13,144
515 ,144,144.5,141.5,25401,20045666,2437,-1,1185,3.21,11.78,3.16,142.5
516 ,145,146,144.5,71549,20077480,33449,8,-1411,3.29,12.07,4.11,146
517 ,142,146.5,142,72939,20078464,975,-15,448,3.08,12.27,4.14,145
518 ,146,148,145.5,55060,20096496,17005,-15,616,3.13,12.48,4.07,147.5
519 ,149,149,147,38487,20110548,14081,-5,1802,3.14,12.52,4.05,148
520 ,150,151,149.5,61772,20143928,35431,86,-595,3.21,12.77,3.97,151
521 ,149,151,149,35719,20154676,10747,2,841,3.21,12.77,3.97,151
522 ,149.5,152.5,149.5,27068,20170488,14702,-60,-280,3.21,12.77,3.97,151
523 ,150.5,151,149,22352,20173404,1794,-48,462,3.17,12.65,4.01,149.5
524 ,149.5,150.5,147,22083,20176378,1154,-96,83,3.14,12.52,4.05,148
525 ,149,151,148.5,25233,20191130,14593,29,-644,3.19,12.73,3.99,150.5
526 ,151,151.5,148,37701,20197764,5515,-404,2541,3.16,12.61,4.03,149
527 ,148.5,152,148.5,38664,20205480,8436,87,-320,3.23,12.86,3.95,152
528 ,154,154.5,153,36102,20221262,14371,810,7,3.25,12.94,3.92,153
529 ,154,154.5,153,28867,20238044,16358,-64,-1118,3.27,13.03,3.9,154
530 ,153,153.5,151.5,32831,20239142,-264,-401,1405,3.24,12.9,3.93,152.5
531 ,152.5,153.5,151,23934,20239120,-23,145,141,3.23,12.86,3.95,152
532 ,151,152,149.5,35717,20245644,6525,-163,889,3.23,12.86,3.95,152
533 ,152,153,150.5,24255,20256920,12207,-350,-625,3.25,12.94,3.92,153
534 ,153,154.5,151.5,28344,20272174,14101,45,-1327,3.28,13.07,3.88,154.5
535 ,154.5,155,153,29635,20288152,15092,-39,-424,3.29,13.11,3.87,155
536 ,156.5,157.5,155.5,32825,20306724,18571,-371,100,3.31,13.2,3.85,156
537 ,155,156.5,153,28748,20315442,7168,-406,440,3.28,13.07,3.88,154.5
538 ,155.5,156,154,31127,20329284,13673,-156,285,3.31,13.2,3.85,156
539 ,159.5,160,157.5,48267,20360616,30791,-363,-2228,3.36,13.41,3.79,158.5
540 ,158.5,159.5,158.5,56167,20391666,26230,-63,-539,3.39,13.49,3.76,159.5
541 ,160,160,158,26215,20404728,12601,-201,313,3.4,13.54,3.75,160
542 ,159.5,159.5,157,25866,20411820,4414,-85,770,3.36,13.41,3.79,158.5
543 ,158.5,159.5,158,27507,20422820,10884,-190,-907,3.39,13.49,3.76,159.5
544 ,158,159,157,24892,20428322,5503,-588,986,3.36,13.41,3.79,158.5
545 ,158.5,159,157,10175,20427752,1451,-361,449,3.35,13.37,3.8,158
546 ,158,159,157,15306,20435818,7824,-567,-690,3.38,13.45,3.77,159
547 ,158.5,159.5,158,19057,20441396,5578,-539,-1489,3.38,13.45,3.77,159
548 ,158.5,162,158.5,43720,20458050,14812,238,211,3.43,13.66,3.72,161.5
549 ,162,163,159,49478,20467750,7987,627,596,3.44,13.71,3.7,162
550 ,161,161,157.5,31605,20470190,-5720,214,1494,3.36,13.41,3.79,158.5
551 ,155.5,156,153.5,58224,20454840,-15351,-221,3733,3.26,12.99,3.91,153.5
552 ,155,155,152.5,35283,20450644,-4197,-272,-2289,3.28,13.07,3.88,154.5
553 ,154,158,154,41066,20449130,-474,-155,-2464,3.34,13.32,3.81,157.5
554 ,156,159,155.5,21789,20444736,-4345,-169,-279,3.36,13.41,3.79,158.5
555 ,157.5,159.5,157.5,14877,20440840,-2180,120,-122,3.36,13.41,3.79,158.5
556 ,160,162,159.5,39826,20463494,22644,-467,-874,3.43,13.66,3.72,161.5
557 ,162,162.5,160,31377,20464124,7138,-141,1876,3.43,13.66,3.72,161.5
558 ,157,160,156,48842,20463404,-3566,-984,126,3.39,13.49,3.76,159.5
559 ,158,158.5,157.5,20316,20458222,-5191,-267,274,3.35,13.37,3.8,158
560 ,160,161,157,26621,20453656,-4567,-10,27,3.34,13.32,3.81,157.5
561 ,157.5,158,154,41050,20443488,-10636,-624,422,3.27,13.03,3.9,154
562 ,156,157,154,29745,20454766,11167,-173,-1184,3.33,13.28,3.82,157
563 ,155.5,158,155,29028,20462386,7473,-102,-2240,3.32,13.24,3.83,156.5
564 ,156.5,157.5,156,14369,20464480,2191,-204,59,3.34,13.32,3.81,157.5
565 ,156.5,158.5,156.5,18179,20464792,1289,15,363,3.35,13.37,3.8,158
566 ,156,157.5,155.5,28867,20458356,-6659,214,2868,3.32,13.24,3.83,156.5
567 ,157.5,158,153,48960,20445604,-16298,-273,1452,3.25,12.94,3.92,153
568 ,151,151,149,66505,20414480,-28497,-1187,2040,3.18,12.69,4,150
569 ,148,148.5,146.5,68609,20365956,-47307,-328,2474,3.13,12.48,4.07,147.5
570 ,147,149,146.5,53006,20339026,-26842,-124,1010,3.12,12.44,4.08,147
571 ,147.5,148.5,146,38332,20320576,-13867,74,1451,3.13,12.48,4.07,147.5
572 ,148.5,148.5,147,36541,20313304,-6137,0,123,3.14,12.52,4.05,148
573 ,148.5,149,146.5,38498,20301844,-10303,128,-905,3.13,12.48,4.07,147.5
574 ,147,148,146.5,29819,20290570,-8877,104,444,3.12,12.44,4.08,147
575 ,148.5,149,146.5,40098,20274472,-16585,421,-156,2.98,13.04,4.08,147
576 ,147,148,146,23809,20266812,-7227,54,-712,2.96,12.95,4.11,146
577 ,145,145.5,143,60203,20233314,-33496,286,934,2.92,12.78,4.17,144
578 ,143,145.5,143,31152,20222668,-9747,578,-77,2.93,12.82,4.15,144.5
579 ,145.5,147,145,30298,20212594,-7860,565,-13,2.98,13.04,4.08,147
580 ,146,147,145,31107,20207608,-5937,81,440,2.98,13.04,4.08,147
581 ,148,148.5,145.5,35193,20200628,-6980,205,-1132,2.98,13.04,4.08,147
582 ,147.5,149.5,147,36346,20206448,6172,320,-3769,3.01,13.18,4.04,148.5
583 ,150.5,154.5,149.5,50174,20245964,13389,2861,48,3.12,13.66,3.9,154
584 ,152.5,153.5,151,24509,20239336,-5507,-236,781,3.06,13.4,3.97,151
585 ,153.5,155,152.5,30761,20252384,12362,614,-1023,3.13,13.71,3.88,154.5
586 ,154.5,155,153.5,17253,20257894,4088,125,-313,3.14,13.75,3.87,155
587 ,156,156.5,154.5,23064,20262924,5756,331,-243,3.17,13.89,3.83,156.5
588 ,157,158,155,36382,20286716,18645,-40,353,3.18,13.93,3.82,157
589 ,156.5,157.5,155,69686,20293972,8535,-89,-27,3.17,13.89,3.83,156.5
590 ,156,159,156,26963,20307916,13012,-45,-620,3.22,14.11,3.77,159
591 ,159,160,158,22000,20314772,6857,5,-447,3.22,14.11,3.77,159
592 ,159,160.5,159,31924,20330064,16980,8,-289,3.25,14.24,3.74,160.5
593 ,160,160,159.5,2631,20329588,752,-708,646,3.24,14.2,3.75,160
594 ,161,162,160,28793,20338132,11302,184,72,3.26,14.29,3.73,161
595 ,161.5,163.5,161,47113,20355964,17830,140,536,3.28,14.37,3.7,162
596 ,164,166,163.5,45324,20374822,19134,-105,-54,3.35,14.69,3.63,165.5
597 ,161,162.5,161,48794,20367692,-8881,-464,1842,3.28,14.37,3.7,162
598 ,161,163,161,27557,20369864,3633,-325,1950,3.28,14.37,3.7,162
599 ,162,163,161,29329,20376458,5152,14,1996,3.3,14.46,3.68,163
600 ,161.5,162.5,159.5,24457,20365932,-10653,-258,1960,3.25,14.24,3.74,160.5
601 ,162.5,164.5,162,30681,20374298,7675,-308,-306,3.3,14.46,3.68,163
602 ,164.5,165,163,24949,20369404,-365,51,2249,3.3,14.46,3.68,163
603 ,164,165.5,163.5,28042,20383412,11665,-14,555,3.35,14.69,3.63,165.5
604 ,164.5,166,163.5,30359,20380638,4327,-5,2583,3.36,14.73,3.61,166
605 ,165.5,166,164,22593,20382466,1827,-15,2898,3.32,14.55,3.66,164
606 ,164,164,154.5,86994,20345130,-39335,-666,9460,3.22,14.11,3.77,159
607 ,154.5,156,154,42913,20351432,6303,438,-5051,3.15,13.8,3.86,155.5
608 ,155.5,157.5,155,38783,20360164,13679,186,-1615,3.18,13.93,3.82,157
609 ,158.5,160,158,31582,20375212,14988,56,-1454,3.22,14.11,3.77,159
610 ,161,163,159.5,42458,20400408,25195,-13,-2767,3.29,14.42,3.69,162.5
611 ,164.5,166,163.5,36291,20423704,23286,-129,-1686,3.36,14.73,3.61,166
612 ,165.5,166.5,164.5,25819,20436104,12379,-67,-985,3.36,14.73,3.61,166
613 ,165,165.5,164,16423,20438224,2104,-797,231,3.32,14.55,3.66,164
614 ,163,163,160.5,34874,20426882,-11343,-586,1252,3.27,14.33,3.72,161.5
615 ,163.5,165,163,23821,20432668,5787,-169,-1663,3.33,14.6,3.65,164.5
616 ,170,170.5,168.5,51049,20460220,26151,-273,-5609,3.44,15.08,3.53,170
617 ,171,171.5,169.5,42039,20476996,16099,36,-627,3.46,15.17,3.51,171
618 ,169.5,170,167,50729,20464002,-13077,-714,1429,3.41,14.95,3.56,168.5
619 ,167,170,167,34917,20472504,8312,-413,-2820,3.42,15,3.55,169
620 ,168,169.5,166.5,41622,20475846,2858,-1003,587,3.43,15.04,3.54,169.5
621 ,168,170,168,24774,20495040,6121,-482,394,3.43,15.04,3.54,169.5
622 ,170.5,170.5,169,42482,20509580,9920,-692,-87,3.45,15.13,3.52,170.5
623 ,170,170.5,169,38077,20529366,13026,29,-880,3.44,15.08,3.53,170
624 ,171,172,170,33178,20546032,11740,-614,137,3.48,15.26,3.49,172
625 ,172,172,170.5,28537,20567812,5743,-176,-1407,3.46,15.17,3.51,171
626 ,172,173,169,27181,20577970,4472,914,-124,3.47,15.22,3.5,171.5
627 ,172,173,171.5,32736,20606222,9524,8,-19,3.5,15.35,3.47,173
628 ,175,176,174.5,34175,20624640,17819,-83,-451,3.55,15.53,3.43,175
629 ,175,176.5,173,31138,20634760,10860,240,-1166,3.58,15.66,3.4,176.5
630 ,177,177,172.5,29840,20628186,-2711,-229,1368,3.49,15.31,3.48,172.5
631 ,175,177,174.5,34264,20638260,14288,219,-3048,3.59,15.71,3.39,177
632 ,177.5,177.5,175.5,15281,20634924,753,-502,456,3.57,15.62,3.41,176
633 ,172.5,174,172,21652,20624904,-10020,-162,1717,3.49,15.31,3.48,172.5
634 ,173,174.5,172.5,13639,20626888,1914,-127,-763,3.78,15.85,3.44,174.5
635 ,175,177.5,174,25804,20639750,13042,-361,-2659,3.84,16.08,3.39,177
636 ,178,178,176.5,16242,20640892,2521,80,-510,3.86,16.17,3.37,178
637 ,178.5,179.5,177,16443,20646148,5247,119,-1137,3.87,16.21,3.36,178.5
638 ,179,179.5,178,19308,20648484,2335,-169,108,3.89,16.3,3.34,179.5
639 ,177.5,178,175.5,28216,20639860,-8460,-370,760,3.83,16.03,3.4,176.5
640 ,178.5,178.5,177,22972,20645940,6078,-170,-1019,3.85,16.12,3.38,177.5
641 ,178.5,179,177.5,12049,20650560,4621,-69,-330,3.88,16.26,3.35,179
642 ,178,179,175,34284,20640992,-9572,-342,2026,3.8,15.94,3.42,175.5
643 ,177,177.5,176,21511,20647912,6921,-550,-2411,3.84,16.08,3.39,177
644 ,176,176.5,175,27274,20650452,2518,-385,738,3.81,15.99,3.41,176
645 ,177,177.5,174,23497,20649548,-902,-959,-642,3.78,15.85,3.44,174.5
646 ,173,174,171.5,21299,20643138,-6361,-108,959,3.75,15.71,3.47,173
647 ,174,175,173.5,20909,20646392,3255,-341,-702,3.77,15.8,3.45,174
648 ,175,175.5,173.5,12106,20647580,173,-143,-303,3.76,15.76,3.46,173.5
649 ,175,177,174.5,23884,20656936,9356,-129,-285,3.84,16.08,3.39,177
650 ,175,177,175,15088,20657408,447,-411,908,3.84,16.08,3.39,177
651 ,175,177,174,16967,20655216,-2192,-46,97,3.83,16.03,3.4,176.5
652 ,176,176.5,174,19352,20647972,-7383,-192,1581,3.78,15.85,3.44,174.5
653 ,176.5,177,174.5,38479,20654292,8466,-51,-2932,3.81,15.99,3.41,176
654 ,176,176,173,22701,20646716,-8575,468,704,3.76,15.76,3.46,173.5
655 ,176.5,176.5,174,16989,20649580,2209,-48,-598,3.78,15.85,3.44,174.5
656 ,176.5,177.5,176.5,22399,20658756,7978,142,114,3.83,16.03,3.4,176.5
657 ,177,179,176.5,26029,20667276,6983,-14,-717,3.88,16.26,3.35,179
658 ,180.5,185,180,49809,20675712,7276,100,57,3.99,16.71,3.26,184
659 ,182.5,184.5,182.5,30192,20678224,996,-121,521,3.97,16.62,3.28,183
660 ,181,181,179.5,29796,20666996,-10503,-17,1944,3.89,16.3,3.34,179.5
661 ,177,179,176,15470,20658560,-8435,-70,-1997,3.86,16.17,3.37,178
662 ,177.5,177.5,174,42658,20637604,-22076,-237,2128,3.79,15.89,3.43,175
663 ,176.5,176.5,173.5,36802,20629402,-8800,-24,876,3.79,15.89,3.43,175
664 ,174,176,173.5,52864,20610160,-19243,281,306,3.76,15.76,3.46,173.5
665 ,179.5,183,178.5,57003,20629478,19319,215,-2539,3.96,16.58,3.29,182.5
666 ,182,183.5,181.5,23647,20633630,4152,-101,591,3.97,16.62,3.28,183
667 ,181,184,180.5,24985,20639620,5965,158,-1626,3.99,16.71,3.26,184
668 ,185,185.5,183.5,20998,20647528,8830,408,-645,4.02,16.85,3.23,185.5
669 ,185,187.5,184.5,23141,20654608,6939,-84,-333,4.06,17.03,3.2,187.5
670 ,183.5,185,183,23124,20648044,-6565,-296,1276,3.97,16.62,3.28,183
671 ,185.5,187.5,185.5,54268,20662628,15260,-8,-1045,4.02,16.85,3.23,185.5
672 ,185.5,186.5,182.5,42516,20670956,-3469,904,581,3.96,16.58,3.29,182.5
673 ,186,186.5,184.5,17705,20676004,5497,74,-527,4.03,16.89,3.23,186
674 ,185,187,185,16861,20676772,2635,-164,312,4.05,16.98,3.21,187
675 ,186,186,184.5,19144,20678354,1582,-582,1054,4.03,16.89,3.23,186
676 ,185,187.5,185,15516,20680444,2089,119,-335,4.06,17.03,3.2,187.5
677 ,188,188,186,15031,20683024,3579,63,-873,4.07,17.08,3.19,188
678 ,191,191,186,30313,20680160,-2799,-130,232,4.06,17.03,3.2,187.5
679 ,186.5,190,186,22592,20681944,1784,-268,591,4.11,17.21,3.17,189.5
680 ,190.5,191,187,37416,20666836,-15117,-86,3345,4.09,17.12,3.18,188.5
681 ,187,189,186.5,33246,20656820,-10018,-443,-1631,4.07,17.08,3.19,188
682 ,186.5,187.5,185,37328,20653016,-3802,-49,395,4.04,16.94,3.22,186.5
683 ,186.5,187,185.5,38023,20652136,-1958,322,1100,4.05,16.98,3.21,187
684 ,187.5,189.5,187.5,33281,20660348,9042,161,-926,4.11,17.21,3.17,189.5
685 ,189.5,190.5,189,13211,20668780,5848,318,-934,4.13,17.3,3.15,190.5
686 ,191,192,188.5,21944,20667660,-1121,85,1430,4.09,17.12,3.18,188.5
687 ,191,191,189.5,13475,20671574,2705,286,-473,4.14,17.35,3.14,191
688 ,192,193,191,18875,20677008,5391,-432,-563,4.18,17.53,3.11,193
689 ,190.5,192.5,190.5,21057,20675630,-5942,6,1077,4.15,17.39,3.13,191.5
690 ,191.5,191.5,188.5,26204,20660604,-15023,74,3039,4.09,17.12,3.18,188.5
691 ,189.5,190,188.5,24354,20661964,-639,177,-950,4.11,17.21,3.17,189.5
692 ,189,190.5,186.5,25322,20657956,-4010,-9,-85,4.09,17.12,3.18,188.5
693 ,188.5,189.5,187.5,14279,20657792,-63,-14,1108,4.11,17.21,3.17,189.5
694 ,187.5,188,186,16440,20649148,-8260,368,630,4.03,16.89,3.23,186
695 ,185.5,186.5,184.5,25032,20639962,-9185,-212,855,4,16.76,3.25,184.5
696 ,184.5,186,184,14859,20635216,-4745,-188,-156,4,16.76,3.25,184.5
697 ,186.5,189,186,21349,20634734,-483,146,-1583,4.1,17.17,3.17,189
698 ,190,190,188,15454,20633506,-1431,-138,1070,4.09,17.12,3.18,188.5
699 ,190,190.5,182,55579,20603636,-29870,-326,1041,3.68,15.38,3.3,182
700 ,187,188,185.5,38252,20599932,-4202,108,2352,3.75,15.68,3.23,185.5
701 ,181.5,183,181,67636,20568400,-31533,517,-196,3.67,15.34,3.31,181.5
702 ,181,182,180,48033,20538700,-29711,-22,2092,3.65,15.26,3.32,180.5
703 ,179.5,182,179,33529,20525880,-12820,174,-959,3.64,15.22,3.33,180
704 ,180.5,183,180,34857,20512308,-11577,491,1204,3.64,15.22,3.33,180
705 ,182,182.5,180.5,22452,20507356,-4891,33,-187,3.67,15.34,3.31,181.5
706 ,181.5,181.5,180,22488,20497576,-9801,-45,979,3.66,15.3,3.31,181
707 ,180.5,181.5,180,15623,20490244,-6750,-160,470,3.66,15.3,3.31,181
708 ,182,185,181.5,27628,20496490,5256,15,504,3.72,15.55,3.26,184
709 ,184.5,186.5,184,22151,20500722,4231,-514,-548,3.75,15.68,3.23,185.5
710 ,184,185,183,15000,20492452,-8210,65,1258,3.7,15.47,3.28,183
711 ,182.5,183.5,182,10130,20489906,-2546,-7,1579,3.68,15.38,3.3,182
712 ,181.5,184,181.5,19126,20491252,1345,-46,-674,3.72,15.55,3.26,184
713 ,183.5,185,182,24425,20489724,-1548,-330,500,3.68,15.38,3.3,182
714 ,181.5,183,181.5,39688,20488356,-1367,-144,-332,3.7,15.47,3.28,183
715 ,182,183,181.5,13923,20485912,-2466,15,733,3.7,15.47,3.28,183
716 ,179,179.5,178,53861,20448404,-37222,-481,324,3.6,15.05,3.37,178
717 ,178,180,178,29221,20436660,-11744,-16,-691,3.62,15.13,3.35,179
718 ,181,183,180.5,27329,20447796,10137,-148,-589,3.68,15.38,3.3,182
719 ,183,183.5,181.5,14128,20443796,-4076,37,349,3.67,15.34,3.31,181.5
720 ,184,185.5,183,27277,20455240,11435,-16,-1973,3.75,15.68,3.23,185.5
721 ,186,186,184.5,24891,20463122,7856,113,-941,3.76,15.72,3.23,186
722 ,186,187,184,18818,20462474,-211,-30,170,3.74,15.64,3.24,185
723 ,186.5,186.5,184.5,23611,20464496,3311,-4,-638,3.76,15.72,3.23,186
724 ,186.5,187.5,185.5,16595,20471248,6819,-46,-1188,3.79,15.85,3.2,187.5
725 ,185,187.5,184.5,22820,20472456,1197,-25,-215,3.78,15.81,3.21,187
726 ,185.5,187,185,36006,20471806,-649,-154,143,3.74,15.64,3.24,185
727 ,184,184.5,182.5,20553,20470212,-1625,153,1189,3.69,15.43,3.29,182.5
728 ,181,182.5,180,24160,20462662,-7953,-493,2256,3.69,15.43,3.29,182.5
729 ,181,182,180,29710,20446452,-16211,119,4330,3.64,15.22,3.33,180
730 ,180,180.5,179,26292,20432472,-13980,-45,1243,3.62,15.13,3.35,179
731 ,179,180,178.5,22978,20419444,-13904,0,508,3.61,15.09,3.36,178.5
732 ,179,180,179,5694,20416338,-3107,190,366,3.63,15.17,3.34,179.5
733 ,180,180.5,179.5,8276,20413968,-2369,343,-30,3.64,15.22,3.33,180
734 ,181,182,180.5,21243,20416280,3910,-10,270,3.68,15.38,3.3,182
735 ,180,181.5,180,30212,20411096,-3994,110,530,3.64,15.22,3.33,180
736 ,181,182.5,180,36629,20417304,7210,-112,1230,3.67,15.34,3.31,181.5
737 ,181.5,183.5,181,22647,20417356,52,0,-1193,3.7,15.47,3.28,183
738 ,183,184,181.5,24382,20413252,-4106,18,-115,3.7,15.47,3.28,183
739 ,182,183.5,181.5,20995,20417126,1800,-540,301,3.71,15.51,3.27,183.5
740 ,184,184.5,183.5,22463,20421004,3878,56,-196,3.72,15.55,3.26,184
741 ,184,185,183,18584,20424376,3374,0,-971,3.72,15.55,3.26,184
742 ,184.5,185.5,183.5,20217,20427840,3463,-375,-845,3.72,15.55,3.26,184
743 ,185,185,181.5,29127,20418964,-8875,-56,1536,3.68,15.38,3.3,182
744 ,182.5,185.5,182.5,41164,20431056,12006,-1019,-1945,3.73,15.6,3.25,184.5
745 ,180.5,182.5,180.5,52370,20418728,-12339,-764,-745,3.67,15.34,3.31,181.5
746 ,180,180.5,179,30778,20404236,-16501,-785,358,3.63,15.17,3.34,179.5
747 ,180.5,181,179.5,13171,20403816,-337,-29,-452,3.66,15.3,3.31,181
748 ,180.5,181,179.5,23711,20402936,-1256,80,-858,3.66,15.3,3.31,181
749 ,179.5,181,179.5,24640,20400644,-2291,-213,-412,3.65,15.26,3.32,180.5
750 ,181,181.5,180.5,23447,20408568,7943,-48,-425,3.66,15.3,3.31,181
751 ,182.5,185,182.5,37023,20431072,22456,169,-1971,3.74,15.64,3.24,185
752 ,185,186.5,184.5,55056,20462220,30447,10,-1345,3.75,15.68,3.23,185.5
753 ,188,188.5,184,94122,20484724,20156,18,-1465,3.73,15.6,3.25,184.5
754 ,186,186,183.5,29537,20482378,-2347,306,260,3.73,15.6,3.25,184.5
755 ,184.5,185.5,184,24809,20483840,1453,-490,369,3.73,15.6,3.25,184.5
756 ,183.5,185,183,23640,20483920,-861,-565,5,3.73,15.6,3.25,184.5
757 ,183.5,184.5,183,29183,20470576,-15344,-316,1037,3.71,15.51,3.27,183.5
758 ,184,185.5,183.5,18995,20469840,-738,-202,-941,3.72,15.55,3.26,184
759 ,184.5,185.5,184,34771,20465844,-5995,469,224,3.75,15.68,3.23,185.5
760 ,186.5,188,186.5,25156,20467826,741,105,-564,3.79,15.85,3.2,187.5
761 ,189,190,187.5,45724,20464758,-2290,-70,1541,3.79,15.85,3.2,187.5
762 ,187,189.5,186.5,39380,20477616,12846,-59,-2640,3.82,15.98,3.7,189
763 ,190,190.5,188,27045,20485042,5382,-141,-952,3.53,14.66,3.7,189
764 ,190,190.5,189,20408,20489500,5447,-950,-91,3.54,14.7,3.69,189.5
765 ,190,190.5,189.5,3517,20491494,1995,-160,-90,3.54,14.7,3.69,189.5
766 ,190,190.5,189.5,13251,20494870,4865,-213,-177,3.55,14.74,3.68,190
767 ,190,190,188.5,31179,20510612,15741,-178,225,3.55,14.74,3.68,190
768 ,190.5,191,188.5,25672,20517224,6731,-262,365,3.52,14.62,3.71,188.5
769 ,188,189.5,187,35747,20531836,14614,-141,610,3.52,14.62,3.71,188.5
770 ,187.5,190.5,187.5,22790,20536248,4411,-80,-378,3.53,14.66,3.7,189
771 ,188.5,188.5,186,46212,20534390,-3382,-31,774,3.47,14.43,3.76,186
772 ,188,188.5,185,40004,20542942,8553,-10,289,3.47,14.43,3.76,186
773 ,184.5,185,184,28214,20534956,-7987,-476,716,3.43,14.27,3.8,184
774 ,184,184.5,183.5,12548,20531040,-3886,-375,591,3.42,14.24,3.81,183.5
775 ,184,185.5,184,18836,20527472,-3567,1370,-21,3.46,14.39,3.77,185.5
776 ,186,188,185.5,31812,20533032,5560,-98,-1202,3.49,14.51,3.74,187
777 ,185.5,186,184,28500,20526682,-6363,-38,785,3.44,14.31,3.79,184.5
778 ,184,184.5,183,20066,20518350,-8332,-62,558,3.42,14.24,3.81,183.5
779 ,185,186.5,185,10505,20522704,4354,-71,-528,3.48,14.47,3.75,186.5
780 ,188,188,186,22262,20529240,6534,-254,-895,3.47,14.43,3.76,186
781 ,185.5,187,185.5,14147,20530882,1644,-40,-278,3.48,14.47,3.75,186.5
782 ,188,190,188,31534,20549944,19050,125,-410,3.55,14.74,3.68,190
783 ,189.5,191.5,189,33808,20564552,14561,78,-263,3.57,14.86,3.66,191.5
784 ,191.5,191.5,189.5,16245,20569336,4572,-80,-298,3.57,14.86,3.66,191.5
785 ,192,195,191.5,32320,20587700,18516,330,-1852,3.64,15.13,3.59,195
786 ,192.5,193.5,191.5,27433,20588802,1080,-194,871,3.61,15.01,3.62,193.5
787 ,192,193.5,192,18494,20589348,545,33,1255,3.61,15.01,3.62,193.5
788 ,192,193,192,17564,20589840,2292,-51,332,3.59,14.93,3.64,192.5
789 ,194.5,194.5,192,29269,20602356,13746,-312,-1041,3.6,14.97,3.63,193
790 ,195,195,192.5,38247,20625354,20750,-237,-1423,3.63,15.09,3.6,194.5
791 ,194.5,194.5,191,33399,20630466,5175,394,2426,3.57,14.86,3.66,191.5
792 ,192.5,193,190.5,28322,20645040,14574,-404,60,3.57,14.86,3.66,191.5
793 ,191,192,189,33652,20646204,1163,-48,1337,3.53,14.66,3.7,189
794 ,189.5,193,189.5,43774,20661452,15250,133,133,3.6,14.97,3.63,193
795 ,193,193,191,16192,20664420,3166,-387,-160,3.57,14.86,3.66,191.5
796 ,192,192,188.5,18925,20662872,-1546,-235,-616,3.56,14.82,3.66,191
797 ,191,191.5,189.5,17041,20661848,-2476,-49,116,3.55,14.74,3.68,190
798 ,190,191,189,8458,20661640,-207,-47,-445,3.56,14.82,3.66,191
799 ,190.5,191.5,190,17302,20662428,785,164,-71,3.56,14.82,3.66,191
800 ,189.5,192,189.5,14796,20664584,1157,35,-253,3.57,14.86,3.66,191.5
801 ,189.5,189.5,188,30720,20651300,-13283,-451,755,3.53,14.66,3.7,189
802 ,189,189,187.5,17112,20641130,-10170,-667,228,3.5,14.55,3.73,187.5
803 ,188,189.5,187.5,25077,20636886,-4279,-15,279,3.51,14.58,3.72,188
804 ,187.5,187.5,186.5,30491,20620410,-16476,-24,104,3.48,14.47,3.75,186.5
805 ,186.5,188,186.5,21503,20617068,-3051,31,-68,3.49,14.51,3.74,187
806 ,187.5,190,187.5,17384,20620840,3772,256,-176,3.55,14.74,3.68,190
807 ,191,191.5,188.5,19331,20628128,7261,186,802,3.55,14.74,3.68,190
808 ,190.5,192,189.5,31953,20639438,11271,-11,695,3.58,14.9,3.65,192
809 ,192,192,190.5,29932,20651748,12311,-25,612,3.56,14.82,3.66,191
810 ,192,193,190.5,27958,20660748,9001,-16,-2396,3.6,14.97,3.63,193
811 ,193.5,194.5,193,34881,20678084,17353,-68,-1750,3.63,15.09,3.6,194.5
812 ,198.5,199,195.5,44155,20696508,18421,-383,-164,3.67,15.24,3.56,196.5
813 ,198,198.5,197,25702,20713024,16531,-5,-660,3.7,15.36,3.54,198
814 ,198.5,199,197,22117,20716930,4306,881,247,3.7,15.36,3.54,198
815 ,197,198.5,197,17064,20716404,474,10,-332,3.69,15.32,3.54,197.5
816 ,199,202.5,199,36634,20726580,10237,-451,-31,3.78,15.71,3.46,202.5
817 ,205.5,207,203.5,48161,20733940,7361,-57,-2807,3.8,15.79,3.44,203.5
818 ,204,206,204,28376,20736410,2469,90,638,3.66,14.92,3.41,205.5
819 ,204.5,208.5,204,43692,20747056,10647,171,376,3.7,15.07,3.37,207.5
820 ,205,207,205,25065,20747036,-23,-323,573,3.67,14.96,3.4,206
821 ,204,206,204,25720,20747076,-2319,843,265,3.67,14.96,3.4,206
822 ,205,205,203.5,33212,20747780,-861,2907,-39,3.64,14.85,3.42,204.5
823 ,203,204,203,21606,20750504,2726,-81,-1482,3.63,14.81,3.43,204
824 ,202.5,204,201.5,22448,20750472,-714,-125,40,3.63,14.78,3.44,203.5
825 ,203.5,204.5,202.5,16517,20753306,2514,-55,110,3.62,14.74,3.45,203
826 ,203.5,205,203,13768,20756304,2397,-54,77,3.65,14.89,3.41,205
827 ,205,207,204.5,20020,20759052,3446,-180,552,3.65,14.89,3.41,205
828 ,205,206,205,13407,20759308,-102,-151,317,3.66,14.92,3.41,205.5
829 ,206,207,205.5,22370,20768298,6864,-87,210,3.69,15.03,3.38,207
830 ,205,207,205,32557,20770248,1570,-137,211,3.69,15.03,3.38,207
831 ,206.5,207,203,67510,20760980,-9570,-108,2659,3.62,14.74,3.45,203
832 ,205,207,204.5,27624,20767808,6830,-218,-1373,3.69,15.03,3.38,207
833 ,208.5,209,207.5,22627,20776874,9065,-63,-454,3.72,15.18,3.35,209
834 ,209,209,208,1535,20776928,53,-245,290,3.72,15.18,3.35,209
835 ,209.5,212,209,21549,20786464,9538,-653,-741,3.78,15.4,3.3,212
836 ,210.5,211.5,210.5,14949,20788392,1897,-514,50,3.75,15.29,3.33,210.5
837 ,212,212.5,210,29549,20794468,5077,-10,256,3.77,15.36,3.31,211.5
838 ,212,213,211.5,18482,20799822,8931,-115,-882,3.79,15.47,3.29,213
839 ,214.5,215,212,31821,20795564,-4285,43,677,3.78,15.4,3.3,212
840 ,207,210,207,58288,20754588,-39835,65,4287,3.7,15.07,3.37,207.5
841 ,207,208.5,206.5,43603,20727230,-21602,-100,2183,3.71,15.11,3.37,208
842 ,208.5,209.5,206,36324,20704964,-15143,310,-511,3.69,15.03,3.38,207
843 ,207.5,208,207,17764,20695984,1332,-672,-194,3.71,15.11,3.37,208
844 ,207.5,212,207,32857,20684188,-1017,897,1174,3.77,15.36,3.31,211.5
845 ,211,213,210.5,15671,20683224,-14,-317,656,3.79,15.47,3.29,213
846 ,215,218,214.5,28684,20679348,-1202,-33,-1738,3.86,15.72,3.23,216.5
847 ,216,217,214.5,44826,20659312,-8751,-55,5337,3.84,15.65,3.25,215.5
848 ,217,218,216.5,24228,20682536,544,240,3330,3.88,15.83,3.21,218
849 ,218,218.5,217,39686,20663940,-14489,61,7123,3.87,15.76,3.23,217
850 ,212,215,212,58749,20672472,14544,4,-7205,3.83,15.61,3.26,215
851 ,214,214,211,43249,20656784,-15544,-144,3209,3.77,15.36,3.31,211.5
852 ,209.5,210,208,48613,20643468,-13916,-238,128,3.71,15.14,3.36,208.5
853 ,210.5,210.5,208.5,26049,20645630,-1338,-113,-895,3.74,15.25,3.33,210
854 ,206.5,208.5,206.5,30895,20641240,-5351,-32,-354,3.71,15.14,3.36,208.5
855 ,207.5,209,207,19067,20641560,310,-483,714,3.72,15.18,3.35,209
856 ,208,208.5,207,21160,20634738,-6967,-370,-241,3.69,15.03,3.38,207
857 ,207,208.5,206.5,23302,20626616,-8323,73,2155,3.71,15.14,3.36,208.5
858 ,208,208.5,207,15261,20621280,-5485,-172,-390,3.7,15.07,3.37,207.5
859 ,207,207.5,205.5,20681,20615568,-9512,-848,-525,3.67,14.96,3.4,206
860 ,206.5,207,206,13319,20609198,-6370,-17,884,3.67,14.96,3.4,206
861 ,208,212,207.5,33225,20617300,8012,36,-2358,3.78,15.4,3.3,212
862 ,211,212.5,210.5,26460,20608138,-9161,474,25,3.75,15.29,3.33,210.5
863 ,212,216,211.5,50137,20612960,4814,517,-1313,3.82,15.58,3.26,214.5
864 ,213,214.5,212,22364,20607514,-5633,0,271,3.79,15.47,3.29,213
865 ,215,215.5,211.5,21400,20610766,1793,-193,215,3.79,15.47,3.29,213
866 ,213,214,212,18633,20614968,3918,-643,-1044,3.81,15.54,3.27,214
867 ,212.5,215,212.5,20661,20616136,1170,325,-468,3.82,15.58,3.26,214.5
868 ,215,215.5,214,20796,20618096,1960,-298,-330,3.84,15.65,3.25,215.5
869 ,214,215,213.5,15062,20613160,-4946,5,60,3.81,15.54,3.27,214
870 ,213.5,214.5,213,20003,20609352,-3795,-42,-95,3.82,15.58,3.26,214.5
871 ,214,214.5,213.5,13368,20610414,-2791,-320,-781,3.81,15.54,3.27,214
872 ,215,215,212.5,14711,20616248,-3875,-438,-241,3.79,15.47,3.29,213
873 ,213.5,216,213.5,23041,20624680,8431,-244,-500,3.84,15.65,3.25,215.5
874 ,213,214,212.5,19741,20620354,-9688,-120,-375,3.79,15.47,3.29,213
875 ,211.5,214.5,211.5,20012,20618180,-2480,-124,147,3.82,15.58,3.26,214.5
876 ,212.5,214,212,19729,20612184,-5764,63,1121,3.78,15.4,3.3,212
877 ,214,216,214,27353,20623680,11419,-53,-1520,3.85,15.69,3.24,216
878 ,213,214,212.5,25710,20611926,-11200,135,503,3.8,15.5,3.28,213.5
879 ,213.5,214,212.5,21857,20600886,-11354,-20,73,3.79,15.47,3.29,213
880 ,213.5,216.5,213.5,21595,20604328,1341,76,-1313,3.85,15.69,3.24,216
881 ,217.5,219,216,25153,20606648,4420,44,-2048,3.87,15.8,3.22,217.5
882 ,215,215.5,213.5,28072,20593880,-15164,190,449,4.15,15.85,3.26,214.5
883 ,215.5,215.5,212.5,26300,20584764,-11426,-353,194,4.14,15.82,3.27,214
884 ,211,213.5,210.5,41439,20558392,-28445,-295,2418,4.11,15.71,3.29,212.5
885 ,213.5,214,210,29335,20548600,-8982,-54,-1158,4.08,15.59,3.32,211
886 ,213,214.5,213,13536,20549316,718,-91,-2042,4.14,15.82,3.27,214
887 ,214.5,214.5,211,25196,20545094,-4267,41,122,4.12,15.74,3.29,213
888 ,213.5,214,213,8353,20547548,2474,-67,-336,4.14,15.82,3.27,214
889 ,212,213,211,13729,20541060,-6487,-29,804,4.11,15.71,3.29,212.5
890 ,212.5,213,211.5,11882,20535388,-5113,-69,305,4.09,15.63,3.31,211.5
891 ,213.5,214.5,213,14211,20537584,4366,202,154,4.15,15.85,3.26,214.5
892 ,215.5,216,214,11590,20542008,4376,-97,-2549,4.17,15.93,3.25,215.5
893 ,216,217,215.5,15225,20549312,7263,-51,-346,4.19,16.04,3.23,217
894 ,217.5,217.5,216,10125,20555774,6464,20,-583,4.2,16.08,3.22,217.5
895 ,215,216.5,215,15236,20557304,1402,-171,158,4.17,15.96,3.24,216
896 ,216,216,215,16160,20558716,1497,-87,-391,4.17,15.96,3.24,216
897 ,216,218,216,19674,20568384,9283,-91,-1360,4.2,16.08,3.22,217.5
898 ,217.5,218,215.5,26434,20568758,-34,9,1146,4.18,16,3.23,216.5
899 ,215,217.5,215,17805,20568312,-482,-42,-249,4.18,16,3.23,216.5
900 ,216.5,218,215.5,15023,20568472,154,-7,-739,4.2,16.08,3.22,217.5
901 ,218,218,216.5,17357,20567488,193,9,-1390,4.21,16.11,3.21,218
902 ,216.5,218,216,16013,20570920,386,-255,-2523,4.19,16.04,3.23,217
903 ,218,218.5,216,19136,20567040,-4010,127,-54,4.19,16.04,3.23,217
904 ,217,218,216.5,25512,20570192,2853,-197,-258,4.21,16.11,3.21,218
905 ,219,219.5,216.5,19027,20570560,-309,-22,-64,4.19,16.04,3.23,217
906 ,219,219.5,217.5,21588,20578448,7984,357,-192,4.23,16.19,3.2,219
907 ,217.5,219,217.5,17556,20577140,-1358,-107,-979,4.21,16.11,3.21,218
908 ,218.5,219,217.5,18316,20581092,4036,222,-235,4.22,16.15,3.2,218.5
909 ,218.5,219,217,44551,20576172,-4920,234,277,4.22,16.15,3.2,218.5
910 ,219,220,218,17655,20582820,6647,-400,93,4.24,16.22,3.19,219.5
911 ,221.5,221.5,220,23410,20588530,5704,-204,-1163,4.28,16.37,3.16,221.5
912 ,221,222,220,20320,20591512,2842,-278,-1174,4.28,16.37,3.16,221.5
913 ,221,223,220,18646,20591470,-41,91,228,4.27,16.33,3.17,221
914 ,221.5,222,218.5,21557,20590384,-1086,-14,277,4.22,16.15,3.2,218.5
915 ,217.5,218.5,217,16876,20587010,-3374,-292,-289,4.19,16.04,3.23,217
916 ,217.5,218,214,23071,20578878,-8132,584,283,4.14,15.82,3.27,214
917 ,217.5,217.5,215,22591,20576348,-2287,-54,-330,4.16,15.89,3.26,215
918 ,215,216,213.5,31616,20566292,-9579,-505,1012,4.14,15.82,3.27,214
919 ,216,217.5,215.5,21381,20574818,8990,-162,-1779,4.18,16,3.23,216.5
920 ,218,218.5,216.5,4254,20574944,125,-25,9,4.18,16,3.23,216.5
921 ,219.5,220.5,218.5,28004,20582872,6918,-70,-88,4.26,16.3,3.17,220.5
922 ,219,223,219,36680,20587388,3912,-290,-1383,4.3,16.44,3.15,222.5
923 ,222,225.5,222,23350,20592040,4650,-66,-623,4.34,16.59,3.12,224.5
924 ,225,225.5,223.5,15643,20594580,2265,-302,-348,4.34,16.59,3.12,224.5
925 ,226.5,233.5,226.5,63668,20610690,16109,49,-2249,4.5,17.22,3,233
926 ,235,237.5,234.5,42390,20626600,15930,-400,-982,4.59,17.55,2.95,237.5
927 ,237.5,237.5,234.5,23145,20629360,2759,-307,541,4.59,17.55,2.95,237.5
928 ,237.5,238,236,19964,20631538,2178,104,375,4.6,17.59,2.94,238
929 ,238,238,235,17652,20628660,-2882,-257,767,4.55,17.41,2.97,235.5
930 ,239.5,239.5,237,28887,20633116,4605,-283,1993,4.59,17.55,2.95,237.5
931 ,239.5,241.5,239,23482,20637620,4506,-437,128,4.62,17.66,2.93,239
932 ,238,239.5,237.5,24722,20638468,837,142,415,4.59,17.55,2.95,237.5
933 ,239,240,238.5,15773,20640180,1711,1935,-288,4.62,17.66,2.93,239
934 ,240,240,238,14975,20639956,-577,-373,-90,4.6,17.59,2.94,238
935 ,238.5,239,237.5,16880,20642788,1440,247,-76,4.6,17.59,2.94,238
936 ,237,238,236,12960,20640688,-2100,-34,-87,4.56,17.44,2.97,236
937 ,237.5,240,237.5,17774,20647210,6292,748,-426,4.62,17.66,2.93,239
938 ,242,245,241.5,27785,20651346,4497,-89,-25,4.7,17.96,2.88,243
939 ,243.5,245,241.5,22582,20652224,-842,-129,-795,4.7,17.96,2.88,243
940 ,243.5,245,241.5,20389,20647380,-4846,-13,1177,4.69,17.92,2.89,242.5
941 ,242,242.5,240.5,15810,20647016,-370,-224,-430,4.66,17.81,2.9,241
942 ,240.5,241,238.5,16529,20642336,-4679,-49,681,4.62,17.66,2.93,239
943 ,243.5,244,239,21029,20643252,914,16,-1179,4.63,17.7,2.92,239.5
944 ,242,244,241.5,20200,20654740,9943,207,-258,4.72,18.03,2.87,244
945 ,243,243.5,242,14129,20651412,-3343,-11,568,4.69,17.92,2.89,242.5
946 ,240.5,243,240,20314,20649588,-1823,0,172,4.66,17.81,2.9,241
947 ,240,242,239.5,14121,20649344,286,132,-622,4.65,17.78,2.91,240.5
948 ,240,241.5,239.5,12088,20648150,-1192,34,-266,4.63,17.7,2.92,239.5
949 ,241,241,239,16880,20647718,-1832,-68,216,4.35,18.09,2.92,240
950 ,239,239.5,236,28720,20630004,-9988,148,-672,4.3,17.9,2.95,237.5
951 ,238,240,237.5,16487,20635288,4884,-7,48,4.31,17.94,2.94,238
952 ,240.5,242.5,240.5,18677,20639950,4662,-3,494,4.38,18.2,2.9,241.5
953 ,241,241.5,238,16265,20637600,-2442,5,116,4.32,17.97,2.94,238.5
954 ,240,243,239.5,20513,20641120,3519,-53,-12,4.4,18.31,2.88,243
955 ,244.5,244.5,242,26626,20644598,2860,24,-306,4.39,18.24,2.89,242
956 ,242,243.5,241.5,9347,20645130,-219,366,-145,4.39,18.27,2.89,242.5
957 ,242,244.5,241.5,11154,20647462,2342,248,-385,4.42,18.39,2.87,244
958 ,240,240,237,32247,20631088,-17373,-191,-87,4.3,17.86,2.95,237
959 ,234.5,235,233,44803,20607328,-24626,-324,1472,4.24,17.63,2.99,234
960 ,235,236,234.5,25763,20597518,-9820,-307,352,4.25,17.67,2.99,234.5
961 ,226.5,230.5,226,109232,20557644,-39784,-596,-95,4.1,17.03,3.1,226
962 ,228.5,233.5,227.5,37446,20548484,-9159,178,-955,4.19,17.41,3.03,231
963 ,232.5,234.5,231,21635,20546508,-2054,181,-435,4.24,17.63,2.99,234
964 ,231,231,228.5,29665,20533284,-13315,-94,10,4.16,17.29,3.05,229.5
965 ,228,229.5,226.5,32372,20517312,-15875,7,-468,4.11,17.11,3.08,227
966 ,226.5,226.5,222.5,41344,20502768,-15482,-388,143,4.1,17.07,3.09,226.5
967 ,231,231,224.5,37959,20492324,-11543,-154,8,4.11,17.11,3.08,227
968 ,228.5,229,227,20650,20489584,-3048,-34,151,4.12,17.14,3.08,227.5
969 ,229.5,229.5,225,21797,20483026,-5643,-9,-766,4.12,17.14,3.08,227.5
970 ,227.5,228,226.5,17920,20479052,-3452,-208,168,4.11,17.11,3.08,227
971 ,228,230.5,227.5,17193,20481874,2822,-40,527,4.18,17.37,3.04,230.5
972 ,228.5,230,226.5,42626,20479252,-2592,267,-1042,4.17,17.33,3.04,230
973 ,227,228,226.5,14565,20474944,-5003,-558,149,4.11,17.11,3.08,227
974 ,226.5,228.5,224,25714,20467196,-8080,-1907,517,4.08,16.96,3.11,225
975 ,225,225.5,223.5,26289,20454820,-12378,-539,332,4.07,16.92,3.12,224.5
976 ,226.5,227,224.5,18558,20450254,-4324,-491,-221,4.08,16.96,3.11,225
977 ,225,227.5,224,19036,20450862,608,-57,-58,4.12,17.14,3.08,227.5
978 ,228,229.5,226.5,4580,20451732,799,124,-9,4.14,17.22,3.06,228.5
979 ,229,229,225,13756,20448756,-2423,24,31,4.1,17.03,3.1,226
980 ,225,226,225,12515,20444492,-4265,-430,336,4.08,16.96,3.11,225
981 ,226.5,228,225,24304,20445988,1498,-604,278,4.1,17.03,3.1,226
982 ,227.5,230,226.5,25007,20453344,7355,266,-601,4.16,17.29,3.05,229.5
983 ,231.5,232.5,231,18055,20462952,9608,495,53,4.21,17.52,3.01,232.5
984 ,236,238,235.5,29308,20471996,8839,575,467,4.3,17.86,2.95,237
985 ,240,240,236.5,29097,20480740,10930,-15,-31,4.34,18.05,2.92,239.5
986 ,240,240,238,22438,20490056,9298,64,-12,4.35,18.09,2.92,240
987 ,242,242.5,240.5,20234,20500194,10273,124,45,4.39,18.24,2.89,242
988 ,242,242,239.5,19043,20499166,1563,404,-51,4.39,18.24,2.89,242
989 ,241.5,242,236,23631,20498026,-1140,380,-116,4.29,17.82,2.96,236.5
990 ,235,236,232.5,30446,20488854,-7078,-70,253,4.26,17.71,2.98,235
991 ,234.5,238,233.5,21513,20484840,-4055,-4,570,4.3,17.86,2.95,237
992 ,240,240,238,27440,20488366,527,-205,55,4.35,18.09,2.92,240
993 ,240,240.5,238,21692,20493270,4904,-107,-203,4.36,18.12,2.91,240.5
994 ,240.5,243,239,38046,20510640,15832,57,1735,4.39,18.24,2.89,242
995 ,245,250,245,49897,20537776,26345,0,14,4.5,18.73,2.82,248.5
996 ,253.5,255.5,251.5,50549,20561528,22129,-787,132,4.63,19.25,2.74,255.5
997 ,257.5,262,257,43401,20564568,2908,-757,-557,4.74,19.71,2.68,261.5
998 ,262.5,266,262.5,33527,20576040,13446,-102,-805,4.82,20.05,2.63,266
999 ,263,263,256.5,41875,20577334,-227,-213,925,4.68,19.44,2.71,258
1000 ,258,264,256.5,44644,20583868,5052,39,74,4.68,19.44,2.71,258
1001 ,256.5,257.5,253.5,39556,20586284,2415,-1558,622,4.62,19.22,2.75,255
1002 ,259,261.5,255,30071,20590612,4095,-40,722,4.68,19.48,2.71,258.5
1003 ,256,257.5,252.5,36861,20587420,-1508,-154,520,4.58,19.07,2.77,253
1004 ,253,257.5,252,44137,20588950,1531,63,1963,4.62,19.22,2.75,255
1005 ,257.5,261,257,30559,20585136,-3883,127,-653,4.7,19.56,2.7,259.5
1006 ,259,260,255,25708,20578400,-6666,31,-580,4.7,19.56,2.7,259.5
1007 ,251,254.5,250.5,45594,20556528,-21967,-38,978,4.58,19.07,2.77,253
1008 ,242.5,243.5,234,102409,20519168,-39210,-14,2812,4.33,18.01,2.93,239
1009 ,245,245.5,239.5,80063,20495886,-24659,293,-1009,4.35,18.09,2.92,240
1010 ,239.5,242,238,30990,20484540,-7827,-20,-385,4.32,17.97,2.94,238.5
1011 ,230,233,228.5,65735,20456528,-27592,497,-329,4.21,17.52,3.01,232.5
1012 ,235.5,237.5,235,35635,20450792,-5806,38,-382,4.29,17.82,2.96,236.5
1013 ,244.5,244.5,242,71504,20455490,5629,204,-190,4.13,18.33,2.89,242.5
1014 ,244,244,239,39240,20454164,-913,281,-318,4.08,18.1,2.92,239.5
1015 ,241,245,241,26986,20461564,7799,370,-84,4.17,18.52,2.86,245
1016 ,247,247.5,245,35902,20471164,9602,41,209,4.2,18.63,3.25,246.5
1017 ,250.5,250.5,246,40818,20468848,165,15,-608,4.19,18.59,3.25,246
1018 ,244,245,242,39720,20470464,1355,15,56,4.14,18.37,3.29,243
1019 ,240,241,238.5,35139,20455190,-15540,-11,196,4.09,18.14,3.33,240
1020 ,242.5,243,240.5,27338,20454142,-602,-47,-514,4.11,18.25,3.31,241.5
1021 ,245.5,250,245.5,34891,20469332,15089,-75,-672,4.26,18.9,3.2,250
1022 ,248,248.5,246,30391,20466104,-3227,64,-119,4.21,18.67,3.24,247
1023 ,249.5,251.5,249,20646,20468282,2178,16,514,4.25,18.86,3.21,249.5
1024 ,250,251,248.5,19831,20462216,-5268,1,471,4.27,18.93,3.19,250.5
1025 ,252,255,251.5,24493,20465394,3244,0,602,4.33,19.2,3.15,254
1026 ,255.5,259,255,33757,20477420,11917,-6,-36,4.41,19.58,3.09,259
1027 ,256.5,257.5,255.5,23773,20470764,-6657,25,433,4.38,19.43,3.11,257
1028 ,258,258,255,19396,20468124,-2642,34,408,4.34,19.27,3.14,255
1029 ,253,256,249.5,62929,20469256,1133,-95,646,4.34,19.27,3.14,255
1030 ,252.5,255.5,251,21441,20475584,6327,-69,-213,4.34,19.27,3.14,255
1031 ,253,254,251.5,21840,20479820,4236,-120,-190,4.31,19.12,3.16,253
1032 ,255,255,251,28977,20479692,-126,-28,94,4.3,19.09,3.17,252.5
1033 ,254.5,254.5,249.5,27001,20481172,1480,-65,87,4.28,19.01,3.18,251.5
1034 ,245,247,244,52498,20479450,-1722,-9,-833,4.17,18.52,3.27,245
1035 ,241.5,244.5,241.5,36988,20461524,-17921,-66,1008,4.15,18.41,3.29,243.5
1036 ,248,251,247,31008,20463600,3769,25,-752,4.28,18.97,3.19,251
1037 ,247.5,248,244,29637,20456656,-7071,30,-1342,4.17,18.52,3.27,245
1038 ,243,247,242.5,36165,20444688,-13119,-29,-47,4.16,18.44,3.28,244
1039 ,247.5,249.5,246,16968,20446904,2538,80,-336,4.19,18.59,3.25,246
1040 ,247.5,249,246.5,3604,20446876,-30,-7,-196,4.22,18.71,3.23,247.5
1041 ,248.5,249,245,17696,20445532,-2481,-312,-321,4.2,18.63,3.25,246.5
1042 ,243,244.5,242,35814,20434792,-10818,77,-292,4.16,18.44,3.28,244
1043 ,248,248,243.5,34695,20437772,677,28,856,4.17,18.52,3.27,245
1044 ,244.5,249,243.5,25157,20437148,-1611,-115,723,4.18,18.56,3.26,245.5
1045 ,246.5,248.5,246.5,21608,20436348,-1665,-56,840,4.22,18.75,3.23,248
1046 ,248.5,248.5,244,20410,20427668,-8626,61,963,4.17,18.52,3.27,245
1047 ,246,246,244,19743,20427544,-4124,-45,124,4.17,18.48,3.27,244.5
1048 ,243,244,242,18350,20420104,-4729,-525,-330,4.15,18.41,3.29,243.5
1049 ,243,243.5,237.5,42756,20408830,-11322,-364,-421,4.05,17.99,3.36,238
1050 ,239.5,241.5,236.5,42500,20404276,-4555,-78,-261,4.05,17.99,3.36,238
1051 ,242,244.5,241,31902,20412964,8301,-296,-44,4.17,18.48,3.27,244.5
1052 ,228,231.5,228,128452,20343162,-70835,-765,754,3.9,17.31,3.49,229
1053 ,226.5,227.5,225,71010,20299680,-43923,-108,978,3.86,17.12,3.53,226.5
1054 ,225,227.5,225,40968,20282564,-16153,218,1225,3.87,17.16,3.52,227
1055 ,225.5,226,224,46771,20263740,-18670,-582,1084,3.83,17.01,3.56,225
1056 ,225,225.5,221,48024,20246508,-15196,-93,491,3.78,16.78,3.6,222
1057 ,225,225.5,221,34174,20239996,-6109,93,1372,3.81,16.89,3.58,223.5
1058 ,224.5,228,222.5,28501,20231284,-2740,110,1132,3.87,17.16,3.52,227
1059 ,227,227.5,222.5,38168,20219084,-11566,-107,258,3.6,16.75,3.59,223
1060 ,221,222.5,220,31691,20207440,-9538,-982,-429,3.56,16.57,3.63,220.5
1061 ,221,224,220.5,27209,20207216,949,-401,-228,3.6,16.75,3.59,223
1062 ,225,225.5,221.5,23269,20199824,-7615,-263,-445,3.61,16.79,3.58,223.5
1063 ,224,228.5,223.5,40325,20194380,-5621,-234,-40,3.68,17.13,3.51,228
1064 ,228.5,232,228.5,33779,20193404,-986,-28,-604,3.71,17.24,3.49,229.5
1065 ,231,231.5,229,27530,20187424,-6651,147,-415,3.71,17.24,3.49,229.5
1066 ,232,234,230.5,30694,20190276,2854,-362,-214,3.76,17.51,3.43,233
1067 ,234.5,234.5,232.5,19921,20187448,-2908,-461,0,3.76,17.51,3.43,233
1068 ,233.5,234,229.5,23772,20183568,-5285,-452,-430,3.72,17.32,3.47,230.5
1069 ,229.5,230.5,228.5,14410,20184228,650,-224,-222,3.72,17.32,3.47,230.5
1070 ,231,231.5,226.5,26853,20181584,-2856,-509,-407,3.66,17.02,3.53,226.5
1071 ,225.5,227.5,223.5,27665,20178968,-2884,-1055,55,3.61,16.79,3.58,223.5
1072 ,225,230,225,16128,20181992,2954,86,-308,3.7,17.21,3.49,229
1073 ,230,233.5,229,22355,20186724,4922,-6,-27,3.7,17.21,3.49,229
1074 ,231.5,231.5,228.5,23063,20189056,2332,-259,400,3.69,17.17,3.5,228.5
1075 ,229.5,230,228.5,12997,20188570,-1153,80,666,3.7,17.21,3.49,229
1076 ,228.5,229.5,228,15971,20186570,-1999,-251,238,3.69,17.17,3.5,228.5
1077 ,229.5,230,226.5,16373,20184516,-3411,-80,478,3.67,17.05,3.52,227
1078 ,226.5,226.5,223.5,23765,20173070,-11292,-115,-154,3.63,16.9,3.56,225
1079 ,224,224,220.5,49164,20159850,-13218,-1113,-331,3.57,16.6,3.62,221
1080 ,221.5,224,220.5,96069,20159984,-160,-930,-804,3.62,16.83,3.57,224
1081 ,224.5,226.5,224,27618,20159156,-638,-137,1178,3.62,16.83,3.57,224
1082 ,227.5,229,227,25959,20161312,2883,-127,1090,3.7,17.21,3.49,229
1083 ,230,230,226.5,26535,20162178,865,-69,-349,3.7,17.21,3.49,229
1084 ,229,230,227,24767,20163608,2050,-170,663,3.71,17.28,3.48,230
1085 ,231,231.5,228,24958,20160702,1234,111,-49,3.71,17.28,3.48,230
1086 ,229,229,226,23549,20146740,-5716,-348,777,3.67,17.05,3.52,227
1087 ,226.5,227,225,21697,20135538,-3145,-732,676,3.65,16.98,3.54,226
1088 ,225,229,224,29501,20129464,-1649,-322,-313,3.7,17.21,3.49,229
1089 ,229,232,228,28945,20131144,7264,-356,-269,3.75,17.43,3.45,232
1090 ,230,230,226.5,33408,20114982,-10614,-1183,-591,3.66,17.02,3.53,226.5
1091 ,225,231,224,48060,20122692,-8212,-908,-149,3.73,17.36,3.46,231
1092 ,225.5,226,224,56890,20092072,-22230,-266,-101,3.63,16.9,3.56,225
1093 ,224.5,227.5,223.5,40709,20074404,-11340,429,3252,3.65,16.98,3.54,226
1094 ,227.5,228,226,31243,20052446,-17723,-450,2404,3.66,17.02,3.53,226.5
1095 ,224.5,227.5,224,43581,20032432,-12198,-50,5674,3.67,17.09,3.52,227.5
1096 ,220,220.5,218,45025,20015640,-11847,0,-4269,3.52,16.38,3.67,218
1097 ,215.5,216,212.5,38446,19996400,-12349,-511,-652,3.46,16.12,3.73,214.5
1098 ,216,216,212.5,39888,20001456,-4079,-486,-310,3.44,16,3.76,213
1099 ,211,214.5,210,37941,19997460,-3473,121,-1216,3.42,15.93,3.77,212
1100 ,212,217,212,34314,19999494,1348,-132,-570,3.5,16.27,3.7,216.5
1101 ,218.5,219,214,32449,19998892,-721,-196,-94,3.46,16.08,3.74,214
1102 ,215.5,218,213.5,28323,20001168,516,-83,-530,3.46,16.12,3.73,214.5
1103 ,217,217.5,215.5,15212,20003510,2031,-71,287,3.49,16.23,3.7,216
1104 ,214,215,213,18225,20003464,-3305,84,-171,3.46,16.12,3.73,214.5
1105 ,217.5,217.5,215,29034,20002160,-2454,23,-230,3.5,16.3,3.69,217
1106 ,219.5,223,218.5,38753,20012870,10490,1287,404,3.58,16.64,3.61,221.5
1107 ,223,224,222,20119,20013324,112,517,-727,3.58,16.68,3.6,222
1108 ,220,220,218,19855,20011126,-2752,491,-2320,3.55,16.53,3.64,220
1109 ,218,222,218,23666,20009002,-2345,95,114,3.56,16.57,3.63,220.5
1110 ,222.5,224.5,222.5,29716,20015546,3381,118,14,3.63,16.87,3.56,224.5
1111 ,224.5,225,223.5,15827,20013476,-2071,900,-1698,3.61,16.79,3.58,223.5
1112 ,222.5,223.5,221,21548,20012172,-1300,1190,-39,3.58,16.64,3.61,221.5
1113 ,223,224,222,39899,20019688,1639,1882,195,3.6,16.75,3.59,223
1114 ,225.5,227,224.5,39661,20034532,7754,1064,278,3.63,16.87,3.56,224.5
1115 ,235,237.5,233,97969,20074310,37402,3446,-1551,3.83,17.84,3.37,237.5
1116 ,239,245,238.5,52257,20092530,15814,1521,-1175,3.89,18.11,3.32,241
1117 ,240,241.5,238.5,27239,20091168,-590,548,-2,3.89,18.11,3.32,241
1118 ,239,241,239,20963,20089576,1662,36,-80,3.88,18.07,3.33,240.5
1119 ,241,242.5,239.5,30606,20087458,-1110,40,136,3.89,18.11,3.32,241
1120 ,242,244.5,241,27130,20097600,10263,-65,-254,3.95,18.37,3.27,244.5
1121 ,244.5,245.5,244,22804,20103032,5879,-38,-526,3.96,18.44,3.26,245.5
1122 ,243.5,246,242,27059,20102938,-92,946,-1442,3.97,18.48,3.25,246
1123 ,247,248,246.5,29136,20107756,4787,425,-777,4,18.63,3.23,248
1124 ,249,249.5,243.5,22402,20108020,763,387,-253,3.95,18.37,3.27,244.5
1125 ,246,248,245,24719,20108872,852,1758,789,3.99,18.56,3.24,247
1126 ,245,247,244,22365,20104070,-4801,772,-65,3.96,18.44,3.26,245.5
1127 ,245,245.5,241.5,23992,20098764,-5305,-80,534,3.9,18.14,3.31,241.5
1128 ,245,247.5,244.5,24382,20109460,10694,70,-261,4,18.6,3.23,247.5
1129 ,247,248,246,15129,20112420,2746,1083,-168,3.99,18.56,3.24,247
1130 ,246.5,247,244.5,15890,20111838,-569,276,94,3.96,18.41,3.27,245
1131 ,241.5,243,239,17881,20106392,-5445,-9,-681,3.88,18.07,3.33,240.5
1132 ,245,245,242.5,17359,20107344,951,116,-362,4.24,17.97,3.29,243.5
1133 ,244.5,244.5,239.5,18473,20109104,2759,-396,-2145,4.2,17.82,3.31,241.5
1134 ,238,241.5,238,19156,20107128,-2205,-11,554,4.16,17.64,3.35,239
1135 ,239.5,241,239,18324,20109482,1050,86,-597,4.17,17.68,3.34,239.5
1136 ,239.5,240,238,16960,20109820,337,-106,225,4.17,17.68,3.34,239.5
1137 ,239,241,238.5,12014,20107688,-2154,185,185,4.19,17.79,3.32,241
1138 ,241.5,242.5,240.5,12614,20107936,-556,62,-1102,4.21,17.86,3.31,242
1139 ,243,244.5,243,14839,20119660,3105,543,125,4.26,18.04,3.27,244.5
1140 ,245.5,246,243,14356,20120354,-961,202,-528,4.24,17.97,3.29,243.5
1141 ,246,246.5,244.5,15186,20126756,6402,44,732,4.26,18.08,3.27,245
1142 ,248.5,250,248,36793,20144252,17316,374,174,4.34,18.41,3.21,249.5
1143 ,253.5,259,253.5,56993,20171394,27217,1054,-823,4.51,19.11,3.09,259
1144 ,264.5,268,262.5,48958,20187360,17288,390,-1113,4.59,19.45,3.04,263.5
1145 ,257.5,259,254,69070,20184422,-2169,-50,1052,4.46,18.89,3.13,256
1146 ,259,260,256.5,26757,20192828,8345,100,-1389,4.47,18.97,3.11,257
1147 ,258.5,259.5,255.5,34305,20193990,1091,110,299,4.48,19,3.11,257.5
1148 ,260,264.5,259,44864,20204174,10054,232,-2061,4.59,19.48,3.03,264
1149 ,268,268,261,35698,20206188,2227,181,-487,4.54,19.26,3.07,261
1150 ,263,264,260.5,38664,20225020,11808,88,-1350,4.59,19.48,3.03,264
1151 ,266.5,266.5,262.5,41736,20239120,13895,-330,-890,4.6,19.52,3.02,264.5
1152 ,263,263.5,258,34350,20239924,742,416,1538,4.52,19.19,3.08,260
1153 ,261,262,258,37886,20246972,7626,-181,1441,4.53,19.23,3.07,260.5
1154 ,260,260,253.5,37576,20239726,-6887,463,1631,4.44,18.82,3.14,255
1155 ,257,261.5,257,37903,20251880,12052,541,523,4.54,19.26,3.07,261
1156 ,262.5,262.5,257,24766,20254264,2614,856,674,4.49,19.04,3.1,258
1157 ,256.5,257,254,33960,20259444,5339,722,17,4.43,18.78,3.14,254.5
1158 ,258,260,257,59228,20277446,18000,165,538,4.49,19.04,3.1,258
1159 ,261.5,261.5,257.5,29595,20304432,13889,566,-501,4.52,19.19,3.08,260
1160 ,261.5,261.5,258,35013,20310732,6299,-59,180,4.55,19.3,3.06,261.5
1161 ,261.5,264,260.5,24397,20314962,5016,71,486,4.59,19.45,3.04,263.5
1162 ,263,263.5,261,24859,20315348,716,22,-242,4.59,19.45,3.04,263.5
1163 ,264,266,262,38495,20329690,14343,150,-367,4.61,19.56,3.02,265
1164 ,266,266,260,39626,20331152,675,151,-1022,4.57,19.37,3.05,262.5
1165 ,262,264,261,22274,20329598,-1553,-427,-2,4.58,19.41,3.04,263
1166 ,262,263,257,38391,20309928,-19785,-1151,313,4.48,19,3.11,257.5
1167 ,257.5,260,257,25229,20314578,4649,-286,-1496,4.52,19.19,3.08,260
1168 ,257,257.5,254,36409,20298060,-15348,-83,-420,4.42,18.75,3.15,254
1169 ,250,253,248.5,40205,20289268,-9140,-919,263,4.35,18.45,3.2,250
1170 ,245.5,246.5,241,50939,20265508,-23765,-853,1401,4.24,17.97,3.29,243.5
1171 ,243.5,245,242,28905,20257220,-8147,-169,432,4.25,18.01,3.28,244
1172 ,233.5,233.5,227,94590,20219638,-37208,-623,-446,3.96,16.79,3.52,227.5
1173 ,231,237,229,47176,20216104,-3535,-584,1074,4.12,17.49,3.38,237
1174 ,234,234,230.5,42327,20186652,-22616,182,260,4.01,17.01,3.47,230.5
1175 ,229.5,237,229,37844,20180712,-2356,-412,-993,4.12,17.49,3.38,237
1176 ,241.5,243,238,42543,20176276,-2108,477,-1733,4.15,17.6,3.35,238.5
1177 ,238,239,235.5,25699,20165012,-1985,-201,-548,4.12,17.45,3.38,236.5
1178 ,231,236.5,230,28358,20158130,-6880,631,-86,4.11,17.42,3.39,236
1179 ,232.5,238,231.5,29276,20152792,-5429,651,-275,4.12,17.49,3.38,237
1180 ,232,234,230,32828,20141552,-11241,197,-12,4,16.97,3.48,230
1181 ,230,231,227,44322,20125384,-16124,-1042,-858,3.99,16.94,3.49,229.5
1182 ,220.5,222,219.5,75524,20096774,-28609,-3,-990,3.82,16.2,3.64,219.5
1183 ,223,224,217,38440,20099068,2320,31,108,3.85,16.31,3.62,221
1184 ,223,224,221,18464,20096092,-217,-93,619,3.87,16.42,3.6,222.5
1185 ,221,225,220.5,28889,20097008,400,136,63,3.88,16.46,3.59,223
1186 ,228,234,228,57373,20104568,8159,780,-158,4.07,17.27,3.42,234
1187 ,236,237,233,42018,20108014,3127,3,-358,4.1,17.38,3.4,235.5
1188 ,236.5,236.5,233.5,30783,20107652,-1086,195,126,4.12,17.45,3.38,236.5
1189 ,233,235.5,232,25463,20108636,1524,-20,-1383,4.09,17.34,3.4,235
1190 ,234,235.5,232.5,30522,20108370,-1087,-39,-158,4.08,17.31,3.41,234.5
1191 ,233,236,232.5,34444,20106026,-3428,292,-277,4.07,17.27,3.42,234
1192 ,237.5,237.5,236,24748,20114066,8729,64,-225,4.12,17.45,3.38,236.5
1193 ,234.5,234.5,231,23242,20111384,-2782,54,-385,4.02,17.05,3.46,231
1194 ,230,234.5,230,23238,20112932,1707,-7,-341,4.03,17.08,3.46,231.5
1195 ,224.5,228,224.5,36123,20105124,-6529,13,495,3.96,16.79,3.52,227.5
1196 ,230,231,228.5,20034,20104182,-971,-8,-244,3.76,16.9,3.5,228.5
1197 ,229.5,232,228.5,22079,20105544,1379,-65,-505,3.8,17.09,3.46,231
1198 ,229,229,225,46767,20090064,-15564,-1037,1022,3.72,16.72,3.54,226
1199 ,225,225,221,48967,20079532,-10711,-1180,1104,3.65,16.42,3.6,222
1200 ,219,220.5,218,41634,20063184,-15466,-697,600,3.59,16.12,3.67,218
1201 ,214.5,220,214,35303,20058116,-4834,-486,347,3.6,16.2,3.65,219
1202 ,221.5,222,219,21981,20056960,-1042,-34,-1178,3.6,16.2,3.65,219
1203 ,220.5,220.5,217,14993,20058024,640,104,-267,3.6,16.16,3.66,218.5
1204 ,219,224,218.5,30627,20064500,5720,-87,-367,3.67,16.49,3.59,223
1205 ,220,224.5,219,26598,20061442,-2963,35,-204,3.69,16.57,3.57,224
1206 ,222.5,227,222,24467,20059820,1600,-228,1451,3.73,16.75,3.53,226.5
1207 ,231.5,231.5,229,44411,20064216,4159,282,-24,3.77,16.94,3.49,229
1208 ,229.5,231,225.5,55897,20055916,-5968,-75,891,3.71,16.68,3.55,225.5
1209 ,231,235,231,45365,20064536,8583,580,197,3.87,17.38,3.4,235
1210 ,233,234.5,231,39758,20064480,123,479,-1171,3.85,17.31,3.42,234
1211 ,226.5,227.5,225,42856,20057236,-8574,-412,-132,3.72,16.72,3.54,226
1212 ,220,222,219.5,40181,20044716,-12315,48,-1167,3.62,16.27,3.64,220
1213 ,222.5,223.5,220.5,25078,20040988,-3300,-10,1721,3.64,16.35,3.62,221
1214 ,219.5,220,218.5,19447,20035544,-4548,-91,-180,3.6,16.2,3.65,219
1215 ,220,223,219,27395,20037750,264,15,-197,3.66,16.46,3.6,222.5
1216 ,223.5,227,222.5,26480,20035124,-1835,-89,397,3.73,16.75,3.53,226.5
1217 ,227,227.5,225,32105,20032528,-1783,96,486,3.72,16.72,3.54,226
1218 ,223,223.5,220.5,38661,20024628,-7312,-5,-1165,3.66,16.46,3.6,222.5
1219 ,221,225,220,18965,20027046,3015,-35,149,3.68,16.53,3.58,223.5
1220 ,221,223,220.5,30211,20023626,-1771,-335,305,3.66,16.46,3.6,222.5
1221 ,222,225.5,222,23415,20025640,3156,274,-492,3.71,16.68,3.55,225.5
1222 ,221,222.5,221,35112,20022188,-10972,166,360,3.64,16.35,3.62,221
1223 ,219,224,219,43530,20024328,-1310,-251,-321,3.68,16.53,3.58,223.5
1224 ,220,221.5,220,5185,20022412,-2498,13,-243,3.65,16.38,3.61,221.5
1225 ,221.5,221.5,219.5,22976,20017402,-7492,-28,36,3.62,16.27,3.64,220
1226 ,215.5,218,215,19403,20015608,-5452,-497,-1896,3.58,16.09,3.68,217.5
1227 ,218.5,219.5,216,16463,20012954,-41,-331,-946,3.56,16.01,3.7,216.5
1228 ,222,224,220.5,21491,20021092,8967,-34,24,3.67,16.49,3.59,223
1229 ,223.5,225.5,222.5,29457,20031460,11279,-63,-1059,3.71,16.68,3.55,225.5
