t_date,p_open,p_high,p_low,volume,p_close
1,223.5,225.5,222.5,29457,225.5
2,222,224,220.5,21491,223
3,218.5,219.5,216,16463,216.5
4,215.5,218,215,19403,217.5
5,221.5,221.5,219.5,22976,220
6,220,221.5,220,5185,221.5
7,219,224,219,43530,223.5
8,221,222.5,221,35112,221
9,222,225.5,222,23415,225.5
10,221,223,220.5,30211,222.5
11,221,225,220,18965,223.5
12,223,223.5,220.5,38661,222.5
13,227,227.5,225,32105,226
14,223.5,227,222.5,26480,226.5
15,220,223,219,27395,222.5
16,219.5,220,218.5,19447,219
17,222.5,223.5,220.5,25078,221
18,220,222,219.5,40181,220
19,226.5,227.5,225,42856,226
20,233,234.5,231,39758,234
21,231,235,231,45365,235
22,229.5,231,225.5,55897,225.5
23,231.5,231.5,229,44411,229
24,222.5,227,222,24467,226.5
25,220,224.5,219,26598,224
26,219,224,218.5,30627,223
27,220.5,220.5,217,14993,218.5
28,221.5,222,219,21981,219
29,214.5,220,214,35303,219
30,219,220.5,218,41634,218
31,225,225,221,48967,222
32,229,229,225,46767,226
33,229.5,232,228.5,22079,231
34,230,231,228.5,20034,228.5
35,224.5,228,224.5,36123,227.5
36,230,234.5,230,23238,231.5
37,234.5,234.5,231,23242,231
38,237.5,237.5,236,24748,236.5
39,233,236,232.5,34444,234
40,234,235.5,232.5,30522,234.5
41,233,235.5,232,25463,235
42,236.5,236.5,233.5,30783,236.5
43,236,237,233,42018,235.5
44,228,234,228,57373,234
45,221,225,220.5,28889,223
46,223,224,221,18464,222.5
47,223,224,217,38440,221
48,220.5,222,219.5,75524,219.5
49,230,231,227,44322,229.5
50,232,234,230,32828,230
51,232.5,238,231.5,29276,237
52,231,236.5,230,28358,236
53,238,239,235.5,25699,236.5
54,241.5,243,238,42543,238.5
55,229.5,237,229,37844,237
56,234,234,230.5,42327,230.5
57,231,237,229,47176,237
58,233.5,233.5,227,94590,227.5
59,243.5,245,242,28905,244
60,245.5,246.5,241,50939,243.5
61,250,253,248.5,40205,250
62,257,257.5,254,36409,254
63,257.5,260,257,25229,260
64,262,263,257,38391,257.5
65,262,264,261,22274,263
66,266,266,260,39626,262.5
67,264,266,262,38495,265
68,263,263.5,261,24859,263.5
69,261.5,264,260.5,24397,263.5
70,261.5,261.5,258,35013,261.5
71,261.5,261.5,257.5,29595,260
72,258,260,257,59228,258
73,256.5,257,254,33960,254.5
74,262.5,262.5,257,24766,258
75,257,261.5,257,37903,261
76,260,260,253.5,37576,255
77,261,262,258,37886,260.5
78,263,263.5,258,34350,260
79,266.5,266.5,262.5,41736,264.5
80,263,264,260.5,38664,264
81,268,268,261,35698,261
82,260,264.5,259,44864,264
83,258.5,259.5,255.5,34305,257.5
84,259,260,256.5,26757,257
85,257.5,259,254,69070,256
86,264.5,268,262.5,48958,263.5
87,253.5,259,253.5,56993,259
88,248.5,250,248,36793,249.5
89,246,246.5,244.5,15186,245
90,245.5,246,243,14356,243.5
91,243,244.5,243,14839,244.5
92,241.5,242.5,240.5,12614,242
93,239,241,238.5,12014,241
94,239.5,240,238,16960,239.5
95,239.5,241,239,18324,239.5
96,238,241.5,238,19156,239
97,244.5,244.5,239.5,18473,241.5
98,245,245,242.5,17359,243.5
99,241.5,243,239,17881,240.5
100,246.5,247,244.5,15890,245
101,247,248,246,15129,247
102,245,247.5,244.5,24382,247.5
103,245,245.5,241.5,23992,241.5
104,245,247,244,22365,245.5
105,246,248,245,24719,247
106,249,249.5,243.5,22402,244.5
107,247,248,246.5,29136,248
108,243.5,246,242,27059,246
109,244.5,245.5,244,22804,245.5
110,242,244.5,241,27130,244.5
111,241,242.5,239.5,30606,241
112,239,241,239,20963,240.5
113,240,241.5,238.5,27239,241
114,239,245,238.5,52257,241
115,235,237.5,233,97969,237.5
116,225.5,227,224.5,39661,224.5
117,223,224,222,39899,223
118,222.5,223.5,221,21548,221.5
119,224.5,225,223.5,15827,223.5
120,222.5,224.5,222.5,29716,224.5
121,218,222,218,23666,220.5
122,220,220,218,19855,220
123,223,224,222,20119,222
124,219.5,223,218.5,38753,221.5
125,217.5,217.5,215,29034,217
126,214,215,213,18225,214.5
127,217,217.5,215.5,15212,216
128,215.5,218,213.5,28323,214.5
129,218.5,219,214,32449,214
130,212,217,212,34314,216.5
131,211,214.5,210,37941,212
132,216,216,212.5,39888,213
133,215.5,216,212.5,38446,214.5
134,220,220.5,218,45025,218
135,224.5,227.5,224,43581,227.5
136,227.5,228,226,31243,226.5
137,224.5,227.5,223.5,40709,226
138,225.5,226,224,56890,225
139,225,231,224,48060,231
140,230,230,226.5,33408,226.5
141,229,232,228,28945,232
142,225,229,224,29501,229
143,226.5,227,225,21697,226
144,229,229,226,23549,227
145,231,231.5,228,24958,230
146,229,230,227,24767,230
147,230,230,226.5,26535,229
148,227.5,229,227,25959,229
149,224.5,226.5,224,27618,224
150,221.5,224,220.5,96069,224
151,224,224,220.5,49164,221
152,226.5,226.5,223.5,23765,225
153,229.5,230,226.5,16373,227
154,228.5,229.5,228,15971,228.5
155,229.5,230,228.5,12997,229
156,231.5,231.5,228.5,23063,228.5
157,230,233.5,229,22355,229
158,225,230,225,16128,229
159,225.5,227.5,223.5,27665,223.5
160,231,231.5,226.5,26853,226.5
161,229.5,230.5,228.5,14410,230.5
162,233.5,234,229.5,23772,230.5
163,234.5,234.5,232.5,19921,233
164,232,234,230.5,30694,233
165,231,231.5,229,27530,229.5
166,228.5,232,228.5,33779,229.5
167,224,228.5,223.5,40325,228
168,225,225.5,221.5,23269,223.5
169,221,224,220.5,27209,223
170,221,222.5,220,31691,220.5
171,227,227.5,222.5,38168,223
172,224.5,228,222.5,28501,227
173,225,225.5,221,34174,223.5
174,225,225.5,221,48024,222
175,225.5,226,224,46771,225
176,225,227.5,225,40968,227
177,226.5,227.5,225,71010,226.5
178,228,231.5,228,128452,229
179,242,244.5,241,31902,244.5
180,239.5,241.5,236.5,42500,238
181,243,243.5,237.5,42756,238
182,243,244,242,18350,243.5
183,246,246,244,19743,244.5
184,248.5,248.5,244,20410,245
185,246.5,248.5,246.5,21608,248
186,244.5,249,243.5,25157,245.5
187,248,248,243.5,34695,245
188,243,244.5,242,35814,244
189,248.5,249,245,17696,246.5
190,247.5,249,246.5,3604,247.5
191,247.5,249.5,246,16968,246
192,243,247,242.5,36165,244
193,247.5,248,244,29637,245
194,248,251,247,31008,251
195,241.5,244.5,241.5,36988,243.5
196,245,247,244,52498,245
197,254.5,254.5,249.5,27001,251.5
198,255,255,251,28977,252.5
199,253,254,251.5,21840,253
200,252.5,255.5,251,21441,255
201,253,256,249.5,62929,255
202,258,258,255,19396,255
203,256.5,257.5,255.5,23773,257
204,255.5,259,255,33757,259
205,252,255,251.5,24493,254
206,250,251,248.5,19831,250.5
207,249.5,251.5,249,20646,249.5
208,248,248.5,246,30391,247
209,245.5,250,245.5,34891,250
210,242.5,243,240.5,27338,241.5
211,240,241,238.5,35139,240
212,244,245,242,39720,243
213,250.5,250.5,246,40818,246
214,247,247.5,245,35902,246.5
215,241,245,241,26986,245
216,244,244,239,39240,239.5
217,244.5,244.5,242,71504,242.5
218,235.5,237.5,235,35635,236.5
219,230,233,228.5,65735,232.5
220,239.5,242,238,30990,238.5
221,245,245.5,239.5,80063,240
222,242.5,243.5,234,102409,239
223,251,254.5,250.5,45594,253
224,259,260,255,25708,259.5
225,257.5,261,257,30559,259.5
226,253,257.5,252,44137,255
227,256,257.5,252.5,36861,253
228,259,261.5,255,30071,258.5
229,256.5,257.5,253.5,39556,255
230,258,264,256.5,44644,258
231,263,263,256.5,41875,258
232,262.5,266,262.5,33527,266
233,257.5,262,257,43401,261.5
234,253.5,255.5,251.5,50549,255.5
235,245,250,245,49897,248.5
236,240.5,243,239,38046,242
237,240,240.5,238,21692,240.5
238,240,240,238,27440,240
239,234.5,238,233.5,21513,237
240,235,236,232.5,30446,235
241,241.5,242,236,23631,236.5
242,242,242,239.5,19043,242
243,242,242.5,240.5,20234,242
244,240,240,238,22438,240
245,240,240,236.5,29097,239.5
246,236,238,235.5,29308,237
247,231.5,232.5,231,18055,232.5
248,227.5,230,226.5,25007,229.5
249,226.5,228,225,24304,226
250,225,226,225,12515,225
251,229,229,225,13756,226
252,228,229.5,226.5,4580,228.5
253,225,227.5,224,19036,227.5
254,226.5,227,224.5,18558,225
255,225,225.5,223.5,26289,224.5
256,226.5,228.5,224,25714,225
257,227,228,226.5,14565,227
258,228.5,230,226.5,42626,230
259,228,230.5,227.5,17193,230.5
260,227.5,228,226.5,17920,227
261,229.5,229.5,225,21797,227.5
262,228.5,229,227,20650,227.5
263,231,231,224.5,37959,227
264,226.5,226.5,222.5,41344,226.5
265,228,229.5,226.5,32372,227
266,231,231,228.5,29665,229.5
267,232.5,234.5,231,21635,234
268,228.5,233.5,227.5,37446,231
269,226.5,230.5,226,109232,226
270,235,236,234.5,25763,234.5
271,234.5,235,233,44803,234
272,240,240,237,32247,237
273,242,244.5,241.5,11154,244
274,242,243.5,241.5,9347,242.5
275,244.5,244.5,242,26626,242
276,240,243,239.5,20513,243
277,241,241.5,238,16265,238.5
278,240.5,242.5,240.5,18677,241.5
279,238,240,237.5,16487,238
280,239,239.5,236,28720,237.5
281,241,241,239,16880,240
282,240,241.5,239.5,12088,239.5
283,240,242,239.5,14121,240.5
284,240.5,243,240,20314,241
285,243,243.5,242,14129,242.5
286,242,244,241.5,20200,244
287,243.5,244,239,21029,239.5
288,240.5,241,238.5,16529,239
289,242,242.5,240.5,15810,241
290,243.5,245,241.5,20389,242.5
291,243.5,245,241.5,22582,243
292,242,245,241.5,27785,243
293,237.5,240,237.5,17774,239
294,237,238,236,12960,236
295,238.5,239,237.5,16880,238
296,240,240,238,14975,238
297,239,240,238.5,15773,239
298,238,239.5,237.5,24722,237.5
299,239.5,241.5,239,23482,239
300,239.5,239.5,237,28887,237.5
301,238,238,235,17652,235.5
302,237.5,238,236,19964,238
303,237.5,237.5,234.5,23145,237.5
304,235,237.5,234.5,42390,237.5
305,226.5,233.5,226.5,63668,233
306,225,225.5,223.5,15643,224.5
307,222,225.5,222,23350,224.5
308,219,223,219,36680,222.5
309,219.5,220.5,218.5,28004,220.5
310,218,218.5,216.5,4254,216.5
311,216,217.5,215.5,21381,216.5
312,215,216,213.5,31616,214
313,217.5,217.5,215,22591,215
314,217.5,218,214,23071,214
315,217.5,218.5,217,16876,217
316,221.5,222,218.5,21557,218.5
317,221,223,220,18646,221
318,221,222,220,20320,221.5
319,221.5,221.5,220,23410,221.5
320,219,220,218,17655,219.5
321,218.5,219,217,44551,218.5
322,218.5,219,217.5,18316,218.5
323,217.5,219,217.5,17556,218
324,219,219.5,217.5,21588,219
325,219,219.5,216.5,19027,217
326,217,218,216.5,25512,218
327,218,218.5,216,19136,217
328,216.5,218,216,16013,217
329,218,218,216.5,17357,218
330,216.5,218,215.5,15023,217.5
331,215,217.5,215,17805,216.5
332,217.5,218,215.5,26434,216.5
333,216,218,216,19674,217.5
334,216,216,215,16160,216
335,215,216.5,215,15236,216
336,217.5,217.5,216,10125,217.5
337,216,217,215.5,15225,217
338,215.5,216,214,11590,215.5
339,213.5,214.5,213,14211,214.5
340,212.5,213,211.5,11882,211.5
341,212,213,211,13729,212.5
342,213.5,214,213,8353,214
343,214.5,214.5,211,25196,213
344,213,214.5,213,13536,214
345,213.5,214,210,29335,211
346,211,213.5,210.5,41439,212.5
347,215.5,215.5,212.5,26300,214
348,215,215.5,213.5,28072,214.5
349,217.5,219,216,25153,217.5
350,213.5,216.5,213.5,21595,216
351,213.5,214,212.5,21857,213
352,213,214,212.5,25710,213.5
353,214,216,214,27353,216
354,212.5,214,212,19729,212
355,211.5,214.5,211.5,20012,214.5
356,213,214,212.5,19741,213
357,213.5,216,213.5,23041,215.5
358,215,215,212.5,14711,213
359,214,214.5,213.5,13368,214
360,213.5,214.5,213,20003,214.5
361,214,215,213.5,15062,214
362,215,215.5,214,20796,215.5
363,212.5,215,212.5,20661,214.5
364,213,214,212,18633,214
365,215,215.5,211.5,21400,213
366,213,214.5,212,22364,213
367,212,216,211.5,50137,214.5
368,211,212.5,210.5,26460,210.5
369,208,212,207.5,33225,212
370,206.5,207,206,13319,206
371,207,207.5,205.5,20681,206
372,208,208.5,207,15261,207.5
373,207,208.5,206.5,23302,208.5
374,208,208.5,207,21160,207
375,207.5,209,207,19067,209
376,206.5,208.5,206.5,30895,208.5
377,210.5,210.5,208.5,26049,210
378,209.5,210,208,48613,208.5
379,214,214,211,43249,211.5
380,212,215,212,58749,215
381,218,218.5,217,39686,217
382,217,218,216.5,24228,218
383,216,217,214.5,44826,215.5
384,215,218,214.5,28684,216.5
385,211,213,210.5,15671,213
386,207.5,212,207,32857,211.5
387,207.5,208,207,17764,208
388,208.5,209.5,206,36324,207
389,207,208.5,206.5,43603,208
390,207,210,207,58288,207.5
391,214.5,215,212,31821,212
392,212,213,211.5,18482,213
393,212,212.5,210,29549,211.5
394,210.5,211.5,210.5,14949,210.5
395,209.5,212,209,21549,212
396,209,209,208,1535,209
397,208.5,209,207.5,22627,209
398,205,207,204.5,27624,207
399,206.5,207,203,67510,203
400,205,207,205,32557,207
401,206,207,205.5,22370,207
402,205,206,205,13407,205.5
403,205,207,204.5,20020,205
404,203.5,205,203,13768,205
405,203.5,204.5,202.5,16517,203
406,202.5,204,201.5,22448,203.5
407,203,204,203,21606,204
408,205,205,203.5,33212,204.5
409,204,206,204,25720,206
410,205,207,205,25065,206
411,204.5,208.5,204,43692,207.5
412,204,206,204,28376,205.5
413,205.5,207,203.5,48161,203.5
414,199,202.5,199,36634,202.5
415,197,198.5,197,17064,197.5
416,198.5,199,197,22117,198
417,198,198.5,197,25702,198
418,198.5,199,195.5,44155,196.5
419,193.5,194.5,193,34881,194.5
420,192,193,190.5,27958,193
421,192,192,190.5,29932,191
422,190.5,192,189.5,31953,192
423,191,191.5,188.5,19331,190
424,187.5,190,187.5,17384,190
425,186.5,188,186.5,21503,187
426,187.5,187.5,186.5,30491,186.5
427,188,189.5,187.5,25077,188
428,189,189,187.5,17112,187.5
429,189.5,189.5,188,30720,189
430,189.5,192,189.5,14796,191.5
431,190.5,191.5,190,17302,191
432,190,191,189,8458,191
433,191,191.5,189.5,17041,190
434,192,192,188.5,18925,191
435,193,193,191,16192,191.5
436,189.5,193,189.5,43774,193
437,191,192,189,33652,189
438,192.5,193,190.5,28322,191.5
439,194.5,194.5,191,33399,191.5
440,195,195,192.5,38247,194.5
441,194.5,194.5,192,29269,193
442,192,193,192,17564,192.5
443,192,193.5,192,18494,193.5
444,192.5,193.5,191.5,27433,193.5
445,192,195,191.5,32320,195
446,191.5,191.5,189.5,16245,191.5
447,189.5,191.5,189,33808,191.5
448,188,190,188,31534,190
449,185.5,187,185.5,14147,186.5
450,188,188,186,22262,186
451,185,186.5,185,10505,186.5
452,184,184.5,183,20066,183.5
453,185.5,186,184,28500,184.5
454,186,188,185.5,31812,187
455,184,185.5,184,18836,185.5
456,184,184.5,183.5,12548,183.5
457,184.5,185,184,28214,184
458,188,188.5,185,40004,186
459,188.5,188.5,186,46212,186
460,187.5,190.5,187.5,22790,189
461,188,189.5,187,35747,188.5
462,190.5,191,188.5,25672,188.5
463,190,190,188.5,31179,190
464,190,190.5,189.5,13251,190
465,190,190.5,189.5,3517,189.5
466,190,190.5,189,20408,189.5
467,190,190.5,188,27045,189
468,187,189.5,186.5,39380,189
469,189,190,187.5,45724,187.5
470,186.5,188,186.5,25156,187.5
471,184.5,185.5,184,34771,185.5
472,184,185.5,183.5,18995,184
473,183.5,184.5,183,29183,183.5
474,183.5,185,183,23640,184.5
475,184.5,185.5,184,24809,184.5
476,186,186,183.5,29537,184.5
477,188,188.5,184,94122,184.5
478,185,186.5,184.5,55056,185.5
479,182.5,185,182.5,37023,185
480,181,181.5,180.5,23447,181
481,179.5,181,179.5,24640,180.5
482,180.5,181,179.5,23711,181
483,180.5,181,179.5,13171,181
484,180,180.5,179,30778,179.5
485,180.5,182.5,180.5,52370,181.5
486,182.5,185.5,182.5,41164,184.5
487,185,185,181.5,29127,182
488,184.5,185.5,183.5,20217,184
489,184,185,183,18584,184
490,184,184.5,183.5,22463,184
491,182,183.5,181.5,20995,183.5
492,183,184,181.5,24382,183
493,181.5,183.5,181,22647,183
494,181,182.5,180,36629,181.5
495,180,181.5,180,30212,180
496,181,182,180.5,21243,182
497,180,180.5,179.5,8276,180
498,179,180,179,5694,179.5
499,179,180,178.5,22978,178.5
500,180,180.5,179,26292,179
501,181,182,180,29710,180
502,181,182.5,180,24160,182.5
503,184,184.5,182.5,20553,182.5
504,185.5,187,185,36006,185
505,185,187.5,184.5,22820,187
506,186.5,187.5,185.5,16595,187.5
507,186.5,186.5,184.5,23611,186
508,186,187,184,18818,185
509,186,186,184.5,24891,186
510,184,185.5,183,27277,185.5
511,183,183.5,181.5,14128,181.5
512,181,183,180.5,27329,182
513,178,180,178,29221,179
514,179,179.5,178,53861,178
515,182,183,181.5,13923,183
516,181.5,183,181.5,39688,183
517,183.5,185,182,24425,182
518,181.5,184,181.5,19126,184
519,182.5,183.5,182,10130,182
520,184,185,183,15000,183
521,184.5,186.5,184,22151,185.5
522,182,185,181.5,27628,184
523,180.5,181.5,180,15623,181
524,181.5,181.5,180,22488,181
525,182,182.5,180.5,22452,181.5
526,180.5,183,180,34857,180
527,179.5,182,179,33529,180
528,181,182,180,48033,180.5
529,181.5,183,181,67636,181.5
530,187,188,185.5,38252,185.5
531,190,190.5,182,55579,182
532,190,190,188,15454,188.5
533,186.5,189,186,21349,189
534,184.5,186,184,14859,184.5
535,185.5,186.5,184.5,25032,184.5
536,187.5,188,186,16440,186
537,188.5,189.5,187.5,14279,189.5
538,189,190.5,186.5,25322,188.5
539,189.5,190,188.5,24354,189.5
540,191.5,191.5,188.5,26204,188.5
541,190.5,192.5,190.5,21057,191.5
542,192,193,191,18875,193
543,191,191,189.5,13475,191
544,191,192,188.5,21944,188.5
545,189.5,190.5,189,13211,190.5
546,187.5,189.5,187.5,33281,189.5
547,186.5,187,185.5,38023,187
548,186.5,187.5,185,37328,186.5
549,187,189,186.5,33246,188
550,190.5,191,187,37416,188.5
551,186.5,190,186,22592,189.5
552,191,191,186,30313,187.5
553,188,188,186,15031,188
554,185,187.5,185,15516,187.5
555,186,186,184.5,19144,186
556,185,187,185,16861,187
557,186,186.5,184.5,17705,186
558,185.5,186.5,182.5,42516,182.5
559,185.5,187.5,185.5,54268,185.5
560,183.5,185,183,23124,183
561,185,187.5,184.5,23141,187.5
562,185,185.5,183.5,20998,185.5
563,181,184,180.5,24985,184
564,182,183.5,181.5,23647,183
565,179.5,183,178.5,57003,182.5
566,174,176,173.5,52864,173.5
567,176.5,176.5,173.5,36802,175
568,177.5,177.5,174,42658,175
569,177,179,176,15470,178
570,181,181,179.5,29796,179.5
571,182.5,184.5,182.5,30192,183
572,180.5,185,180,49809,184
573,177,179,176.5,26029,179
574,176.5,177.5,176.5,22399,176.5
575,176.5,176.5,174,16989,174.5
576,176,176,173,22701,173.5
577,176.5,177,174.5,38479,176
578,176,176.5,174,19352,174.5
579,175,177,174,16967,176.5
580,175,177,175,15088,177
581,175,177,174.5,23884,177
582,175,175.5,173.5,12106,173.5
583,174,175,173.5,20909,174
584,173,174,171.5,21299,173
585,177,177.5,174,23497,174.5
586,176,176.5,175,27274,176
587,177,177.5,176,21511,177
588,178,179,175,34284,175.5
589,178.5,179,177.5,12049,179
590,178.5,178.5,177,22972,177.5
591,177.5,178,175.5,28216,176.5
592,179,179.5,178,19308,179.5
593,178.5,179.5,177,16443,178.5
594,178,178,176.5,16242,178
595,175,177.5,174,25804,177
596,173,174.5,172.5,13639,174.5
597,172.5,174,172,21652,172.5
598,177.5,177.5,175.5,15281,176
599,175,177,174.5,34264,177
600,177,177,172.5,29840,172.5
601,175,176.5,173,31138,176.5
602,175,176,174.5,34175,175
603,172,173,171.5,32736,173
604,172,173,169,27181,171.5
605,172,172,170.5,28537,171
606,171,172,170,33178,172
607,170,170.5,169,38077,170
608,170.5,170.5,169,42482,170.5
609,168,170,168,24774,169.5
610,168,169.5,166.5,41622,169.5
611,167,170,167,34917,169
612,169.5,170,167,50729,168.5
613,171,171.5,169.5,42039,171
614,170,170.5,168.5,51049,170
615,163.5,165,163,23821,164.5
616,163,163,160.5,34874,161.5
617,165,165.5,164,16423,164
618,165.5,166.5,164.5,25819,166
619,164.5,166,163.5,36291,166
620,161,163,159.5,42458,162.5
621,158.5,160,158,31582,159
622,155.5,157.5,155,38783,157
623,154.5,156,154,42913,155.5
624,164,164,154.5,86994,159
625,165.5,166,164,22593,164
626,164.5,166,163.5,30359,166
627,164,165.5,163.5,28042,165.5
628,164.5,165,163,24949,163
629,162.5,164.5,162,30681,163
630,161.5,162.5,159.5,24457,160.5
631,162,163,161,29329,163
632,161,163,161,27557,162
633,161,162.5,161,48794,162
634,164,166,163.5,45324,165.5
635,161.5,163.5,161,47113,162
636,161,162,160,28793,161
637,160,160,159.5,2631,160
638,159,160.5,159,31924,160.5
639,159,160,158,22000,159
640,156,159,156,26963,159
641,156.5,157.5,155,69686,156.5
642,157,158,155,36382,157
643,156,156.5,154.5,23064,156.5
644,154.5,155,153.5,17253,155
645,153.5,155,152.5,30761,154.5
646,152.5,153.5,151,24509,151
647,150.5,154.5,149.5,50174,154
648,147.5,149.5,147,36346,148.5
649,148,148.5,145.5,35193,147
650,146,147,145,31107,147
651,145.5,147,145,30298,147
652,143,145.5,143,31152,144.5
653,145,145.5,143,60203,144
654,147,148,146,23809,146
655,148.5,149,146.5,40098,147
656,147,148,146.5,29819,147
657,148.5,149,146.5,38498,147.5
658,148.5,148.5,147,36541,148
659,147.5,148.5,146,38332,147.5
660,147,149,146.5,53006,147
661,148,148.5,146.5,68609,147.5
662,151,151,149,66505,150
663,157.5,158,153,48960,153
664,156,157.5,155.5,28867,156.5
665,156.5,158.5,156.5,18179,158
666,156.5,157.5,156,14369,157.5
667,155.5,158,155,29028,156.5
668,156,157,154,29745,157
669,157.5,158,154,41050,154
670,160,161,157,26621,157.5
671,158,158.5,157.5,20316,158
672,157,160,156,48842,159.5
673,162,162.5,160,31377,161.5
674,160,162,159.5,39826,161.5
675,157.5,159.5,157.5,14877,158.5
676,156,159,155.5,21789,158.5
677,154,158,154,41066,157.5
678,155,155,152.5,35283,154.5
679,155.5,156,153.5,58224,153.5
680,161,161,157.5,31605,158.5
681,162,163,159,49478,162
682,158.5,162,158.5,43720,161.5
683,158.5,159.5,158,19057,159
684,158,159,157,15306,159
685,158.5,159,157,10175,158
686,158,159,157,24892,158.5
687,158.5,159.5,158,27507,159.5
688,159.5,159.5,157,25866,158.5
689,160,160,158,26215,160
690,158.5,159.5,158.5,56167,159.5
691,159.5,160,157.5,48267,158.5
692,155.5,156,154,31127,156
693,155,156.5,153,28748,154.5
694,156.5,157.5,155.5,32825,156
695,154.5,155,153,29635,155
696,153,154.5,151.5,28344,154.5
697,152,153,150.5,24255,153
698,151,152,149.5,35717,152
699,152.5,153.5,151,23934,152
700,153,153.5,151.5,32831,152.5
701,154,154.5,153,28867,154
702,154,154.5,153,36102,153
703,148.5,152,148.5,38664,152
704,151,151.5,148,37701,149
705,149,151,148.5,25233,150.5
706,149.5,150.5,147,22083,148
707,150.5,151,149,22352,149.5
708,149.5,152.5,149.5,27068,151
709,149,151,149,35719,151
710,150,151,149.5,61772,151
711,149,149,147,38487,148
712,146,148,145.5,55060,147.5
713,142,146.5,142,72939,145
714,145,146,144.5,71549,146
715,144,144.5,141.5,25401,142.5
716,144,144,141.5,41000,144
717,142.5,143,141,11865,142
718,138.5,143,138,55675,143
719,138,140.5,138,37913,140
720,139,139.5,138.5,24048,139.5
721,137.5,139,137,24103,137.5
722,140,140,139,27213,139.5
723,136.5,138.5,136,33926,138.5
724,134,136.5,134,31957,135
725,137.5,137.5,133.5,43936,134.5
726,137.5,138,136,23791,138
727,135,138,134.5,36784,137
728,137.5,138,135.5,79522,137
729,130.5,132,130.5,39378,131.5
730,133.5,135.5,133,37737,133.5
731,133,134,131.5,34733,133
732,133,134.5,130.5,48416,133
733,132,135,132,50159,134
734,134.5,135,130.5,62605,133
735,138,138,135,53671,135.5
736,139,140,137,46502,138
737,142.5,143.5,139,39220,139.5
738,142,144,141,18367,143
739,142.5,144,142,14603,142.5
740,143.5,144,141.5,12848,142
741,143.5,144,143,10831,143.5
742,142,143.5,142,6169,143
743,143,143.5,142,13495,142
744,141,143,140.5,18086,141.5
745,141,142,140.5,17141,142
746,141.5,142.5,140.5,26870,141.5
747,143,145,142,36349,142
748,144.5,145,143,34462,145
749,142,144,141,56600,143.5
750,139.5,140.5,138,23596,138
751,137.5,139.5,137.5,32672,139
752,141,142,139,29956,139.5
753,140.5,141.5,139,41488,141
754,142,142,140.5,26776,140.5
755,143.5,144,141,32196,142.5
756,142,144.5,142,40413,143.5
757,141,142.5,140.5,30892,140.5
758,141.5,143,141.5,18867,142.5
759,144,144,142,31675,142.5
760,140.5,142.5,138.5,46201,142.5
761,136.5,139,136,108747,139
762,143,143,139,23172,139
763,141,142.5,140,32016,142.5
764,139.5,141,138.5,27164,141
765,140,141.5,139.5,21860,139.5
766,141,141.5,140,17189,141
767,140.5,141,140,20296,141
768,138.5,140.5,138,27477,140.5
769,139.5,140,136.5,29114,137
770,138,140,137.5,28225,138.5
771,134,135.5,134,32133,135
772,137.5,139,136,21660,136
773,138.5,139,138,16486,138.5
774,140.5,140.5,136.5,29463,137.5
775,141.5,141.5,139,23337,139.5
776,141,143,140.5,24863,142
777,144,144,139,45726,140
778,144,144.5,142.5,35830,142.5
779,141.5,144.5,141,75333,144.5
780,138.5,140,138,33199,139.5
781,138.5,138.5,135.5,21680,137.5
782,137,137.5,136,27859,136.5
783,139,139.5,136.5,20464,136.5
784,137,139,137,22557,138
785,138.5,140,137.5,26034,139
786,140.5,140.5,139,24412,140
787,140,140.5,139,35666,140
788,138,138.5,137,15169,137.5
789,139.5,140,137.5,18045,138.5
790,139,139,137.5,27504,139
791,138.5,139,137,26174,138
792,137,137.5,136,36269,137.5
793,139,141,139,57253,140
794,136.5,137.5,136,18042,136.5
795,138.5,138.5,136,36171,137.5
796,137,139,136.5,47405,138.5
797,137,137,135,31183,136
798,133.5,135,133,31848,135
799,135,135.5,132.5,48641,133
800,133,133.5,131.5,30299,132.5
801,132.5,132.5,131.5,25252,132
802,131,134,129.5,49689,133.5
803,128,131,127,67191,130
804,127,127.5,125,24689,127
805,127,128,125.5,43509,127
806,127,127.5,124.5,32971,124.5
807,130,130,128.5,17652,129
808,130,130,128.5,29970,129.5
809,129.5,131.5,129,31965,131.5
810,130.5,131.5,130,49537,131
811,128,130,127.5,39954,129.5
812,127.5,128,125.5,21671,126
813,128,129,126,25582,127.5
814,125.5,127.5,124,20573,127.5
815,127,128,125,32932,125
816,126.5,129,126.5,53750,129
817,122.5,123.5,122,15113,123
818,124.5,126,122,25987,122.5
819,126.5,127,123.5,22047,125
820,127.5,127.5,125,24054,127
821,123,127,123,37060,125.5
822,127.5,127.5,124,42395,124
823,126,129,123.5,57088,129
824,127,127,124.5,41551,125
825,125,125,122,53428,124
826,121,124.5,119.5,65010,122.5
827,118,124,117.5,95080,123.5
828,120,121,112.5,116472,115
829,123,124.5,121,59932,121
830,124.5,126,123.5,38078,126
831,127.5,127.5,124,41382,125
832,125,126.5,125,40795,126
833,125.5,125.5,123,37949,124
834,128,128.5,125,39495,126
835,129,130,127.5,35974,128
836,129.5,130,127.5,41760,128.5
837,133.5,133.5,130.5,64480,130.5
838,131,131,125.5,63751,129
839,133,133.5,131.5,30592,133
840,136,136,132,38760,134
841,135.5,135.5,134,28556,134
842,135,136.5,134.5,26591,136.5
843,138.5,138.5,134.5,33748,134.5
844,140.5,140.5,137.5,40067,139.5
845,136,139,136,36153,138.5
846,135,136,134.5,29908,135.5
847,135,136.5,134,34253,134
848,135,135.5,134,43438,134
849,138,138,136,38265,137
850,137,137.5,136,36423,136
851,139,139.5,138,24672,139
852,141,141.5,139.5,19490,140.5
853,141.5,142,138.5,27685,139
854,138,140,138,55848,140
855,140,140,135.5,37250,136.5
856,139,139.5,138,23322,138.5
857,139.5,140.5,138,27574,138.5
858,137,139.5,137,34558,138.5
859,134,138,134,53268,136.5
860,140.5,141,138,52066,138
861,141,142,140.5,26383,140.5
862,141,141.5,140.5,20684,140.5
863,141.5,142.5,140,16142,142.5
864,140.5,142,140.5,23940,141.5
865,140,142.5,139,32575,141
866,139,140.5,138.5,45376,140.5
867,140.5,141,138.5,53096,138.5
868,147,147.5,145.5,33947,146
869,145,147,145,43741,146.5
870,144.5,145,143.5,18630,145
871,143,145,142.5,37291,144.5
872,142,143.5,142,28390,142
873,142,143,142,28627,142
874,143,143.5,142,31348,142.5
875,143,143,141,27303,142
876,144.5,144.5,142.5,23661,143
877,144,144.5,142.5,31494,144.5
878,141,144,141,44708,143.5
879,141,141.5,139.5,37133,139.5
880,138.5,140,138,31664,139
881,139.5,140,138.5,45529,138.5
882,139.5,140.5,139,42847,140
883,142,142.5,140,58396,141
884,143.5,144.5,143,29920,143
885,144.5,144.5,143.5,33433,144
886,145.5,146,144,31647,145
887,147,147.5,145.5,56659,146
888,147,147.5,146,35924,147
889,145.5,147,145,23866,145
890,148.5,148.5,146.5,15570,146.5
891,146.5,147.5,145.5,16323,147.5
892,146,147,145,22104,145.5
893,146,146.5,144.5,40905,145.5
894,146.5,147,146,26985,146.5
895,145.5,147.5,145,26321,146.5
896,147,147,145,22929,146.5
897,147,147,145,24332,146.5
898,148,148.5,146,39029,146
899,147.5,149,147,18886,148
900,147,148.5,147,20532,147.5
901,149,149,147,20403,148.5
902,146,147.5,146,20036,146.5
903,146,147.5,146,21908,146.5
904,145.5,148,145.5,18824,147.5
905,147.5,148,146,27598,147
906,148.5,148.5,146,30869,147.5
907,147,148.5,146.5,48983,147
908,150,151,148,37440,148.5
909,153.5,153.5,150.5,43296,151.5
910,153,153,150,57646,151.5
911,149,152.5,148.5,122815,152.5
912,145.5,147,145,47012,147
913,143.5,145,143,40632,143.5
914,142,143.5,141.5,36297,142.5
915,142,144,141.5,34379,143
916,143,144,142.5,76901,142.5
917,145,147,144.5,54551,147
918,143.5,144.5,141.5,71626,143
919,145,145.5,143.5,41575,144
920,146.5,147.5,146,23877,147
921,146,147,145,33909,147
922,144,145.5,143,46553,143
923,145.5,146,143,47547,143
924,146.5,147.5,145,33401,146
925,145,148,144.5,49298,147
926,145,145,143.5,38757,144
927,144,145.5,143,56699,145.5
928,142.5,144,142,59890,142.5
929,144,145.5,142.5,106832,142.5
930,145.5,147,144.5,157141,145.5
931,152,152.5,150.5,44502,151
932,153.5,153.5,151.5,36138,151.5
933,154,154,152.5,26369,153.5
934,151.5,154,151.5,37795,154
935,152.5,155,152.5,43158,154
936,151,154,150,70911,153.5
937,148.5,150,148.5,55770,149
938,149,149.5,146,36963,146
939,148,149.5,147,45625,149
940,147,148.5,146.5,32259,148
941,143.5,148,143,51828,146
942,145,145,144,46859,144
943,147.5,147.5,145,67214,145.5
944,149,149.5,148.5,31368,149
945,150,151,148.5,28947,150
946,150,151.5,149,32672,150.5
947,150,151,148.5,29206,150.5
948,151.5,153,148.5,41432,149
949,153.5,154,150.5,55654,150.5
950,152.5,154.5,152.5,48327,154.5
951,149,152,148.5,72657,151
952,148.5,150,148,38036,148.5
953,149.5,149.5,147.5,33660,148.5
954,146,149,146,71429,148
955,142,143,141.5,33337,142.5
956,143,143.5,141.5,26351,142
957,145.5,145.5,143,27359,143
958,145.5,146,143.5,23405,145.5
959,144.5,146.5,144,40455,146
960,143,144.5,142,27235,144.5
961,140.5,143,140.5,29248,142.5
962,145,145.5,141,43718,141
963,144,145,143,34542,143.5
964,146.5,147,145.5,45982,146.5
965,145.5,147,144.5,52946,147
966,145.5,145.5,143.5,46831,145
967,142.5,145,142.5,82360,145
968,141.5,142,139.5,43948,140
969,139.5,141,139.5,70582,141
970,139,139,137.5,32843,138
971,138.5,139.5,137.5,50066,139
972,140,140,136,124241,137
973,131.5,133,131.5,40646,131.5
974,132.5,133,130,48810,130
975,131,133,130.5,37852,132.5
976,132.5,133.5,132,30403,132
977,135,135.5,133,61805,134
978,136.5,138,136,42551,138
979,133.5,135,133.5,43766,134
980,137.5,137.5,133,66862,133.5
981,140.5,140.5,137.5,32104,139.5
982,139,141,139,18352,141
983,141,141.5,139,21846,140
984,138,141,138,35075,141
985,139,139,137.5,4823,138.5
986,138,139,137,13184,139
987,137,138,137,7392,137.5
988,136,138,136,16722,138
989,139,140,137,19158,137.5
990,137.5,140,137,34677,138.5
991,134.5,138,134,44441,138
992,132,133,131,50472,131.5
993,133,133,130,70601,130.5
994,134.5,135.5,133,41273,133
995,134.5,136.5,134.5,44404,136
996,135,136,134.5,31504,135
997,135,136,134.5,32329,134.5
998,138,139,136,39845,136
999,138,139,137.5,31816,138
1000,138,138.5,137,19672,138
1001,138.5,139.5,137,27080,137.5
1002,139,140,138.5,28276,139
1003,137.5,139,136.5,38976,138
1004,139.5,139.5,137.5,45981,137.5
1005,139,142,138.5,41316,140
1006,139,141.5,139,35814,141.5
1007,140,142,140,26308,140
1008,138.5,139,138,23201,139
1009,138.5,140,138.5,42798,139
1010,140,140.5,138,33409,138.5
1011,139.5,139.5,137.5,30471,138.5
1012,137.5,139,137,44216,139
1013,133,136.5,132.5,71200,136
1014,134,134.5,131,42774,131.5
1015,135,135.5,132.5,23703,133
1016,134,135,133.5,23733,135
1017,133.5,134.5,132.5,24927,134
1018,134.5,134.5,131.5,27434,132
1019,135,135,133,20485,134
1020,132.5,134.5,132,42736,134.5
1021,131.5,131.5,130.5,16759,131
1022,132.5,132.5,131.5,28430,132
1023,131.5,132,131,22638,132
1024,132,132,131,32216,132
1025,132,132.5,130.5,45042,131
1026,128,130.5,127.5,42202,130.5
1027,128.5,129,127,35724,128.5
1028,129,129.5,128,34731,129
1029,129,129.5,127.5,35019,128
1030,126.5,128,126.5,25145,128
1031,127,127.5,125,42162,125.5
1032,128,128.5,127.5,26518,127.5
1033,127.5,129,127.5,64248,129
1034,126,126,124.5,25648,125
1035,125,126,124.5,38359,126
1036,125,125.5,123.5,91824,123.5
1037,121.5,124,120,45966,121.5
1038,121.5,123,121,43948,121.5
1039,120,121.5,119.5,31888,121
1040,119,121.5,118,69350,120.5
1041,124,125,123.5,35476,125
1042,123.5,125,122.5,29380,122.5
1043,125,125.5,123.5,40062,125
1044,125,126,124,37324,126
1045,122.5,125,122,52043,124.5
1046,121,122.5,120.5,30796,121
1047,120,122,120,42258,121.5
1048,120,121,119,44152,120
1049,122,122,120,54822,120.5
1050,121,121.5,120.5,23608,121
1051,123,124,121.5,23264,122
1052,122,124,122,27635,123
1053,123,123.5,122,15317,122.5
1054,124,124,122,39413,122
1055,125.5,126,125,30643,125
1056,124.5,125,123.5,14791,125
1057,123.5,125,123,23570,124.5
1058,123,123,122,19248,122.5
1059,122.5,123.5,122,19644,123.5
1060,124.5,125,123,19974,123
1061,126,126,125,22869,125
1062,126,126,124,29294,125
1063,127.5,127.5,126.5,22143,127
1064,128.5,128.5,125.5,20128,127
1065,128,128,126,21689,127.5
1066,127,128,125.5,24642,128
1067,128,128,125.5,19253,126
1068,125,128.5,125,36416,128.5
1069,124.5,125,124,28359,124
1070,126,126,124.5,21638,125
1071,125.5,126,124.5,36839,125.5
1072,125,125.5,124,28831,124.5
1073,125.5,126,125,20365,125
1074,124.5,126,123.5,42775,125.5
1075,126,126,124,22656,124.5
1076,125,125.5,124.5,28975,125.5
1077,124,125,123.5,31640,124
1078,124,124,122.5,14632,123
1079,124.5,125,123,19189,124
1080,123.5,124,123,32956,124
1081,121,123.5,120.5,39837,122.5
1082,121,122,120.5,32279,121.5
1083,120,121,119.5,42994,120.5
1084,120.5,121,119.5,35170,120.5
1085,120.5,121.5,119.5,29585,121.5
1086,119,121.5,119,34650,120.5
1087,122.5,122.5,119.5,61287,119.5
1088,120,123.5,120,39730,123.5
1089,120,121,119.5,52493,120
1090,124,124,121,44806,121
1091,123.5,125,123,32429,124.5
1092,122.5,124,122,38088,124
1093,122,122.5,121,43515,121.5
1094,124.5,125,122.5,31348,123
1095,124.5,125,124,65681,125
1096,123.5,125,122.5,53307,124.5
1097,124,124.5,122.5,56735,123.5
1098,121.5,124,121.5,95784,123.5
1099,125,125.5,123,136407,124.5
1100,133,133.5,130,39184,130.5
1101,133,134,132.5,37032,133
1102,134.5,134.5,132.5,46377,132.5
1103,136,138,135.5,43514,136.5
1104,134.5,136,134.5,47183,134.5
1105,133.5,135,133.5,39222,134
1106,135.5,136,134,36185,134.5
1107,134.5,136,132.5,32208,136
1108,133.5,136,132,44145,135
1109,131.5,135,130.5,40284,134.5
1110,129.5,132.5,129,51624,132.5
1111,126.5,128.5,126,33023,128
1112,126,127,125,33345,126.5
1113,125,126.5,124,44450,125.5
1114,124.5,125,123.5,30311,124.5
1115,123,124.5,123,30831,123.5
1116,123,123.5,122,33263,123
1117,125,125.5,123,25147,123
1118,126.5,127,124,30154,124.5
1119,124.5,126,124.5,17952,126
1120,125,126.5,124,37346,125.5
1121,124,125,123,19872,125
1122,122.5,124,122.5,13589,124
1123,123,123.5,122.5,17198,123
1124,124,124,123,22171,123.5
1125,124,125,123.5,27860,125
1126,123,124.5,122.5,25338,124.5
1127,122.5,123.5,122.5,19731,123
1128,123.5,123.5,122,19282,122.5
1129,123,123.5,121.5,19558,123
1130,123.5,124,123,33486,123.5
1131,120,122.5,120,37753,122.5
1132,122,122.5,119.5,69114,119.5
1133,123.5,124,121.5,43079,122
1134,124,124,122.5,36760,124
1135,122.5,124,122.5,18077,123.5
1136,123,123.5,122,19854,123
1137,121,122.5,121,31777,122
1138,121.5,122,121,26337,122
1139,122,122,120.5,24219,120.5
1140,122,122,121,25272,121
1141,122,122.5,121,18430,121
1142,122,123,121,28530,122
1143,121,122,120.5,16814,122
1144,121,122,120.5,32903,122
1145,120,121,119.5,24046,120.5
1146,119.5,120,117.5,35515,118.5
1147,120,120,119,23288,120
1148,119.5,120,119,27081,119.5
1149,118,119,117.5,33277,118.5
1150,117,119,116.5,27525,118
1151,117.5,118,116,28748,117
1152,119,119.5,117,42677,118
1153,120,120.5,117,43715,118.5
1154,120.5,121,119,21812,120.5
1155,118.5,120,117.5,28068,119
1156,121,121,118,49438,118.5
1157,121,121,120,24467,121
1158,123,123,120.5,31097,121
1159,121,122.5,120.5,22737,121.5
1160,122,122,121,21775,121.5
1161,122.5,123,121,32921,123
1162,120.5,121.5,119,35878,120
1163,121.5,122.5,121,50065,121
1164,121.5,122.5,121,28647,122.5
1165,120,121,120,30388,120.5
1166,118.5,120,118,34518,120
1167,119,119.5,118.5,25684,119.5
1168,119.5,120,119,28578,119
1169,117,119.5,117,39873,119
1170,117.5,118,116.5,45055,117.5
1171,118.5,119,117.5,37000,118.5
1172,120.5,121,119,43231,120
1173,119,119.5,118.5,40108,119.5
1174,118,118.5,116.5,47003,118.5
1175,116,117.5,115.5,43794,117.5
1176,114.5,116,114,30798,116
1177,115.5,116,114.5,43380,115.5
1178,111.5,113.5,111.5,38071,113.5
1179,111.5,112.5,111.5,28500,112.5
1180,114,114,112,60122,112.5
1181,113,113.5,112,45335,112
1182,114.5,115,113.5,32273,114.5
1183,114.5,115,113.5,37517,114.5
1184,114.5,115,113,33910,114
1185,115,115.5,114,44734,115
1186,116.5,117.5,115.5,57132,116.5
1187,112.5,113,112,18415,113
1188,113.5,114.5,113.5,28483,114
1189,114.5,114.5,112.5,37952,113
1190,114,115,113.5,65765,114.5
1191,110,113.5,110,69894,113
1192,108.5,110,108.5,54929,110
1193,108,108,107.5,47956,107.5
1194,108,108,106.5,51463,108
1195,107.5,108,107.5,48690,108
1196,107.5,108,107,34983,107.5
1197,107.5,108,106.5,31536,108
1198,107.5,108,106,32058,107
1199,107,107.5,107,31505,107.5
1200,106.5,107,106,28470,106.5
1201,108,108,107,26907,108
1202,108.5,108.5,107.5,22290,108
1203,108,108.5,107.5,33464,108.5
1204,106.5,107.5,106.5,42738,107.5
1205,105,106,105,19625,105
1206,105,105.5,104.5,22758,105
1207,104.5,105,104,21085,104.5
1208,104,104.5,103,26244,103
1209,103.5,104.5,103,54186,104
1210,101,103,101,72009,102
1211,102,102,100.5,145585,100.5
1212,106,106.5,104,65071,105
1213,107,108.5,107,34059,108
1214,108.5,108.5,107.5,27954,107.5
1215,106,107.5,106,28727,107.5
1216,108.5,108.5,106,24621,106.5
1217,107,108.5,107,24299,107.5
1218,108,108.5,107,53509,107.5
1219,106,107.5,106,49601,107
1220,104,106,104,54458,105
1221,102.5,103.5,102,21718,103.5
1222,103,103.5,102.5,19647,103
1223,102,102.5,101.5,33305,102
1224,102.5,103,100.5,64072,101
1225,103,104.5,102.5,30329,104
1226,102.5,103,102,15865,102
1227,102,103,102,23730,102.5
1228,103,103,102,38687,102.5
1229,105,105.5,103.5,15134,104.5
